image1.png,114.0
image2.png,115.0
image3.png,116.0
image4.png,123.0
image5.png,118.0
image6.png,120.0
image7.png,122.0
image8.png,119.0
image9.png,121.0
image10.png,119.0
image11.png,121.0
image12.png,122.0
image13.png,119.0
image14.png,118.0
image15.png,121.0
image16.png,118.0
image17.png,121.0
image18.png,119.0
image19.png,126.0
image20.png,122.0
image21.png,123.0
image22.png,119.0
image23.png,119.0
image24.png,121.0
image25.png,118.0
image26.png,119.0
image27.png,120.0
image28.png,123.0
image29.png,121.0
image30.png,121.0
image31.png,123.0
image32.png,125.0
image33.png,125.0
image34.png,117.0
image35.png,116.0
image36.png,114.0
image37.png,131.0
image38.png,129.0
image39.png,128.0
image40.png,114.0
image41.png,114.0
image42.png,119.0
image43.png,115.0
image44.png,115.0
image45.png,117.0
image46.png,116.0
image47.png,113.0
image48.png,113.0
image49.png,121.0
image50.png,118.0
image51.png,119.0
image52.png,121.0
image53.png,118.0
image54.png,118.0
image55.png,125.0
image56.png,118.0
image57.png,122.0
image58.png,118.0
image59.png,110.0
image60.png,117.0
image61.png,118.0
image62.png,119.0
image63.png,120.0
image64.png,123.0
image65.png,119.0
image66.png,122.0
image67.png,119.0
image68.png,116.0
image69.png,117.0
image70.png,104.0
image71.png,108.0
image72.png,113.0
image73.png,123.0
image74.png,123.0
image75.png,123.0
image76.png,117.0
image77.png,118.0
image78.png,122.0
image79.png,114.0
image80.png,116.0
image81.png,117.0
image82.png,123.0
image83.png,120.0
image84.png,118.0
image85.png,118.0
image86.png,119.0
image87.png,121.0
image88.png,123.0
image89.png,127.0
image90.png,128.0
image91.png,123.0
image92.png,125.0
image93.png,120.0
image94.png,129.0
image95.png,123.0
image96.png,126.0
image97.png,133.0
image98.png,123.0
image99.png,129.0
image100.png,125.0
image101.png,126.0
image102.png,133.0
image103.png,126.0
image104.png,126.0
image105.png,128.0
image106.png,126.0
image107.png,126.0
image108.png,127.0
image109.png,127.0
image110.png,127.0
image111.png,130.0
image112.png,127.0
image113.png,127.0
image114.png,129.0
image115.png,131.0
image116.png,125.0
image117.png,127.0
image118.png,128.0
image119.png,126.0
image120.png,128.0
image121.png,132.0
image122.png,127.0
image123.png,132.0
image124.png,127.0
image125.png,124.0
image126.png,129.0
image127.png,123.0
image128.png,124.0
image129.png,133.0
image130.png,125.0
image131.png,125.0
image132.png,124.0
image133.png,127.0
image134.png,125.0
image135.png,123.0
image136.png,131.0
image137.png,127.0
image138.png,128.0
image139.png,129.0
image140.png,122.0
image141.png,132.0
image142.png,127.0
image143.png,125.0
image144.png,130.0
image145.png,126.0
image146.png,125.0
image147.png,127.0
image148.png,110.0
image149.png,114.0
image150.png,115.0
image151.png,116.0
image152.png,115.0
image153.png,117.0
image154.png,115.0
image155.png,112.0
image156.png,114.0
image157.png,114.0
image158.png,117.0
image159.png,110.0
image160.png,116.0
image161.png,114.0
image162.png,120.0
image163.png,117.0
image164.png,114.0
image165.png,119.0
image166.png,118.0
image167.png,117.0
image168.png,124.0
image169.png,123.0
image170.png,120.0
image171.png,125.0
image172.png,120.0
image173.png,117.0
image174.png,122.0
image175.png,123.0
image176.png,120.0
image177.png,123.0
image178.png,124.0
image179.png,123.0
image180.png,131.0
image181.png,121.0
image182.png,119.0
image183.png,124.0
image184.png,121.0
image185.png,123.0
image186.png,124.0
image187.png,117.0
image188.png,121.0
image189.png,123.0
image190.png,118.0
image191.png,123.0
image192.png,121.0
image193.png,123.0
image194.png,123.0
image195.png,124.0
image196.png,115.0
image197.png,120.0
image198.png,124.0
image199.png,118.0
image200.png,122.0
image201.png,124.0
image202.png,114.0
image203.png,114.0
image204.png,115.0
image205.png,118.0
image206.png,110.0
image207.png,114.0
image208.png,120.0
image209.png,119.0
image210.png,125.0
image211.png,125.0
image212.png,127.0
image213.png,126.0
image214.png,124.0
image215.png,126.0
image216.png,126.0
image217.png,115.0
image218.png,114.0
image219.png,116.0
image220.png,119.0
image221.png,117.0
image222.png,120.0
image223.png,116.0
image224.png,107.0
image225.png,108.0
image226.png,127.0
image227.png,124.0
image228.png,130.0
image229.png,118.0
image230.png,115.0
image231.png,120.0
image232.png,128.0
image233.png,127.0
image234.png,126.0
image235.png,115.0
image236.png,116.0
image237.png,117.0
image238.png,121.0
image239.png,121.0
image240.png,119.0
image241.png,138.0
image242.png,130.0
image243.png,152.0
image244.png,121.0
image245.png,124.0
image246.png,126.0
image247.png,118.0
image248.png,117.0
image249.png,117.0
image250.png,117.0
image251.png,118.0
image252.png,123.0
image253.png,118.0
image254.png,112.0
image255.png,123.0
image256.png,125.0
image257.png,120.0
image258.png,117.0
image259.png,118.0
image260.png,113.0
image261.png,116.0
image262.png,110.0
image263.png,114.0
image264.png,114.0
image265.png,116.0
image266.png,114.0
image267.png,114.0
image268.png,116.0
image269.png,117.0
image270.png,117.0
image271.png,122.0
image272.png,120.0
image273.png,120.0
image274.png,114.0
image275.png,114.0
image276.png,114.0
image277.png,114.0
image278.png,116.0
image279.png,119.0
image280.png,126.0
image281.png,126.0
image282.png,126.0
image283.png,134.0
image284.png,125.0
image285.png,123.0
image286.png,133.0
image287.png,134.0
image288.png,135.0
image289.png,140.0
image290.png,133.0
image291.png,134.0
image292.png,134.0
image293.png,134.0
image294.png,138.0
image295.png,137.0
image296.png,132.0
image297.png,137.0
image298.png,132.0
image299.png,133.0
image300.png,137.0
image301.png,133.0
image302.png,127.0
image303.png,131.0
image304.png,119.0
image305.png,131.0
image306.png,125.0
image307.png,124.0
image308.png,131.0
image309.png,133.0
image310.png,127.0
image311.png,125.0
image312.png,125.0
image313.png,127.0
image314.png,133.0
image315.png,133.0
image316.png,120.0
image317.png,118.0
image318.png,117.0
image319.png,123.0
image320.png,117.0
image321.png,123.0
image322.png,125.0
image323.png,118.0
image324.png,125.0
image325.png,129.0
image326.png,131.0
image327.png,125.0
image328.png,108.0
image329.png,104.0
image330.png,99.0
image331.png,108.0
image332.png,108.0
image333.png,110.0
image334.png,118.0
image335.png,118.0
image336.png,114.0
image337.png,110.0
image338.png,114.0
image339.png,110.0
image340.png,104.0
image341.png,107.0
image342.png,109.0
image343.png,108.0
image344.png,109.0
image345.png,114.0
image346.png,110.0
image347.png,106.0
image348.png,104.0
image349.png,108.0
image350.png,104.0
image351.png,104.0
image352.png,105.0
image353.png,109.0
image354.png,110.0
image355.png,118.0
image356.png,118.0
image357.png,118.0
image358.png,118.0
image359.png,118.0
image360.png,115.0
image361.png,123.0
image362.png,120.0
image363.png,127.0
image364.png,127.0
image365.png,127.0
image366.png,128.0
image367.png,118.0
image368.png,118.0
image369.png,116.0
image370.png,112.0
image371.png,116.0
image372.png,114.0
image373.png,124.0
image374.png,131.0
image375.png,126.0
image376.png,123.0
image377.png,125.0
image378.png,124.0
image379.png,131.0
image380.png,123.0
image381.png,124.0
image382.png,120.0
image383.png,125.0
image384.png,117.0
image385.png,117.0
image386.png,117.0
image387.png,117.0
image388.png,122.0
image389.png,125.0
image390.png,125.0
image391.png,118.0
image392.png,118.0
image393.png,118.0
image394.png,114.0
image395.png,113.0
image396.png,117.0
image397.png,117.0
image398.png,114.0
image399.png,118.0
image400.png,123.0
image401.png,118.0
image402.png,119.0
image403.png,116.0
image404.png,118.0
image405.png,117.0
image406.png,118.0
image407.png,116.0
image408.png,118.0
image409.png,118.0
image410.png,118.0
image411.png,118.0
image412.png,122.0
image413.png,118.0
image414.png,117.0
image415.png,114.0
image416.png,113.0
image417.png,118.0
image418.png,122.0
image419.png,119.0
image420.png,118.0
image421.png,122.0
image422.png,123.0
image423.png,124.0
image424.png,123.0
image425.png,123.0
image426.png,124.0
image427.png,117.0
image428.png,113.0
image429.png,115.0
image430.png,130.0
image431.png,123.0
image432.png,124.0
image433.png,114.0
image434.png,118.0
image435.png,113.0
image436.png,114.0
image437.png,113.0
image438.png,114.0
image439.png,117.0
image440.png,113.0
image441.png,113.0
image442.png,119.0
image443.png,117.0
image444.png,118.0
image445.png,119.0
image446.png,118.0
image447.png,119.0
image448.png,130.0
image449.png,117.0
image450.png,120.0
image451.png,109.0
image452.png,110.0
image453.png,110.0
image454.png,114.0
image455.png,116.0
image456.png,115.0
image457.png,119.0
image458.png,118.0
image459.png,118.0
image460.png,113.0
image461.png,113.0
image462.png,110.0
image463.png,104.0
image464.png,104.0
image465.png,104.0
image466.png,118.0
image467.png,115.0
image468.png,115.0
image469.png,118.0
image470.png,116.0
image471.png,118.0
image472.png,115.0
image473.png,114.0
image474.png,110.0
image475.png,116.0
image476.png,118.0
image477.png,116.0
image478.png,118.0
image479.png,118.0
image480.png,116.0
image481.png,123.0
image482.png,123.0
image483.png,120.0
image484.png,117.0
image485.png,108.0
image486.png,118.0
image487.png,130.0
image488.png,121.0
image489.png,125.0
image490.png,125.0
image491.png,123.0
image492.png,121.0
image493.png,124.0
image494.png,121.0
image495.png,124.0
image496.png,128.0
image497.png,121.0
image498.png,122.0
image499.png,126.0
image500.png,124.0
image501.png,123.0
image502.png,125.0
image503.png,124.0
image504.png,123.0
image505.png,126.0
image506.png,114.0
image507.png,127.0
image508.png,127.0
image509.png,125.0
image510.png,124.0
image511.png,137.0
image512.png,123.0
image513.png,130.0
image514.png,123.0
image515.png,123.0
image516.png,124.0
image517.png,125.0
image518.png,125.0
image519.png,123.0
image520.png,130.0
image521.png,120.0
image522.png,122.0
image523.png,130.0
image524.png,118.0
image525.png,132.0
image526.png,123.0
image527.png,126.0
image528.png,125.0
image529.png,126.0
image530.png,124.0
image531.png,125.0
image532.png,126.0
image533.png,126.0
image534.png,124.0
image535.png,123.0
image536.png,126.0
image537.png,124.0
image538.png,130.0
image539.png,121.0
image540.png,122.0
image541.png,114.0
image542.png,108.0
image543.png,116.0
image544.png,115.0
image545.png,114.0
image546.png,110.0
image547.png,108.0
image548.png,113.0
image549.png,104.0
image550.png,109.0
image551.png,113.0
image552.png,114.0
image553.png,121.0
image554.png,116.0
image555.png,118.0
image556.png,116.0
image557.png,114.0
image558.png,114.0
image559.png,118.0
image560.png,116.0
image561.png,117.0
image562.png,118.0
image563.png,117.0
image564.png,120.0
image565.png,125.0
image566.png,118.0
image567.png,118.0
image568.png,124.0
image569.png,118.0
image570.png,118.0
image571.png,125.0
image572.png,123.0
image573.png,127.0
image574.png,116.0
image575.png,118.0
image576.png,117.0
image577.png,118.0
image578.png,120.0
image579.png,116.0
image580.png,117.0
image581.png,117.0
image582.png,119.0
image583.png,118.0
image584.png,116.0
image585.png,121.0
image586.png,122.0
image587.png,123.0
image588.png,121.0
image589.png,120.0
image590.png,114.0
image591.png,118.0
image592.png,121.0
image593.png,123.0
image594.png,119.0
image595.png,108.0
image596.png,104.0
image597.png,110.0
image598.png,114.0
image599.png,104.0
image600.png,113.0
image601.png,120.0
image602.png,116.0
image603.png,121.0
image604.png,124.0
image605.png,126.0
image606.png,121.0
image607.png,124.0
image608.png,123.0
image609.png,114.0
image610.png,111.0
image611.png,116.0
image612.png,113.0
image613.png,120.0
image614.png,118.0
image615.png,118.0
image616.png,123.0
image617.png,108.0
image618.png,104.0
image619.png,121.0
image620.png,119.0
image621.png,118.0
image622.png,117.0
image623.png,116.0
image624.png,114.0
image625.png,130.0
image626.png,125.0
image627.png,127.0
image628.png,117.0
image629.png,114.0
image630.png,109.0
image631.png,121.0
image632.png,115.0
image633.png,116.0
image634.png,126.0
image635.png,137.0
image636.png,137.0
image637.png,114.0
image638.png,117.0
image639.png,118.0
image640.png,113.0
image641.png,107.0
image642.png,115.0
image643.png,113.0
image644.png,113.0
image645.png,109.0
image646.png,117.0
image647.png,118.0
image648.png,118.0
image649.png,124.0
image650.png,119.0
image651.png,115.0
image652.png,108.0
image653.png,104.0
image654.png,116.0
image655.png,110.0
image656.png,109.0
image657.png,104.0
image658.png,110.0
image659.png,108.0
image660.png,104.0
image661.png,116.0
image662.png,117.0
image663.png,113.0
image664.png,119.0
image665.png,112.0
image666.png,121.0
image667.png,113.0
image668.png,113.0
image669.png,114.0
image670.png,114.0
image671.png,112.0
image672.png,109.0
image673.png,123.0
image674.png,119.0
image675.png,125.0
image676.png,127.0
image677.png,124.0
image678.png,123.0
image679.png,130.0
image680.png,134.0
image681.png,132.0
image682.png,130.0
image683.png,134.0
image684.png,134.0
image685.png,134.0
image686.png,130.0
image687.png,131.0
image688.png,137.0
image689.png,134.0
image690.png,131.0
image691.png,137.0
image692.png,134.0
image693.png,130.0
image694.png,133.0
image695.png,125.0
image696.png,130.0
image697.png,121.0
image698.png,115.0
image699.png,118.0
image700.png,126.0
image701.png,123.0
image702.png,132.0
image703.png,121.0
image704.png,130.0
image705.png,128.0
image706.png,145.0
image707.png,125.0
image708.png,128.0
image709.png,117.0
image710.png,116.0
image711.png,114.0
image712.png,123.0
image713.png,116.0
image714.png,117.0
image715.png,125.0
image716.png,130.0
image717.png,124.0
image718.png,128.0
image719.png,127.0
image720.png,124.0
image721.png,108.0
image722.png,104.0
image723.png,99.0
image724.png,104.0
image725.png,99.0
image726.png,99.0
image727.png,116.0
image728.png,114.0
image729.png,113.0
image730.png,114.0
image731.png,114.0
image732.png,104.0
image733.png,104.0
image734.png,104.0
image735.png,104.0
image736.png,109.0
image737.png,104.0
image738.png,104.0
image739.png,98.0
image740.png,104.0
image741.png,104.0
image742.png,109.0
image743.png,99.0
image744.png,104.0
image745.png,104.0
image746.png,104.0
image747.png,104.0
image748.png,121.0
image749.png,115.0
image750.png,116.0
image751.png,118.0
image752.png,110.0
image753.png,114.0
image754.png,125.0
image755.png,123.0
image756.png,121.0
image757.png,130.0
image758.png,124.0
image759.png,125.0
image760.png,114.0
image761.png,116.0
image762.png,115.0
image763.png,116.0
image764.png,104.0
image765.png,108.0
image766.png,127.0
image767.png,123.0
image768.png,124.0
image769.png,123.0
image770.png,123.0
image771.png,124.0
image772.png,120.0
image773.png,121.0
image774.png,118.0
image775.png,120.0
image776.png,116.0
image777.png,119.0
image778.png,123.0
image779.png,118.0
image780.png,117.0
image781.png,110.0
image782.png,118.0
image783.png,121.0
image784.png,116.0
image785.png,116.0
image786.png,114.0
image787.png,209.0
image788.png,205.0
image789.png,202.0
image790.png,202.0
image791.png,205.0
image792.png,205.0
image793.png,205.0
image794.png,202.0
image795.png,205.0
image796.png,205.0
image797.png,205.0
image798.png,205.0
image799.png,205.0
image800.png,205.0
image801.png,205.0
image802.png,202.0
image803.png,205.0
image804.png,202.0
image805.png,197.0
image806.png,205.0
image807.png,205.0
image808.png,209.0
image809.png,202.0
image810.png,202.0
image811.png,201.0
image812.png,209.0
image813.png,202.0
image814.png,202.0
image815.png,202.0
image816.png,209.0
image817.png,205.0
image818.png,197.0
image819.png,205.0
image820.png,209.0
image821.png,205.0
image822.png,209.0
image823.png,205.0
image824.png,199.0
image825.png,205.0
image826.png,205.0
image827.png,209.0
image828.png,205.0
image829.png,200.0
image830.png,209.0
image831.png,202.0
image832.png,209.0
image833.png,205.0
image834.png,201.0
image835.png,209.0
image836.png,205.0
image837.png,201.0
image838.png,205.0
image839.png,209.0
image840.png,209.0
image841.png,209.0
image842.png,209.0
image843.png,209.0
image844.png,205.0
image845.png,205.0
image846.png,203.0
image847.png,209.0
image848.png,205.0
image849.png,209.0
image850.png,201.0
image851.png,205.0
image852.png,205.0
image853.png,205.0
image854.png,209.0
image855.png,205.0
image856.png,202.0
image857.png,205.0
image858.png,205.0
image859.png,201.0
image860.png,202.0
image861.png,202.0
image862.png,205.0
image863.png,202.0
image864.png,197.0
image865.png,202.0
image866.png,197.0
image867.png,202.0
image868.png,205.0
image869.png,202.0
image870.png,205.0
image871.png,209.0
image872.png,202.0
image873.png,202.0
image874.png,202.0
image875.png,205.0
image876.png,205.0
image877.png,205.0
image878.png,205.0
image879.png,209.0
image880.png,202.0
image881.png,209.0
image882.png,209.0
image883.png,202.0
image884.png,205.0
image885.png,202.0
image886.png,202.0
image887.png,202.0
image888.png,202.0
image889.png,205.0
image890.png,202.0
image891.png,206.0
image892.png,202.0
image893.png,205.0
image894.png,209.0
image895.png,197.0
image896.png,205.0
image897.png,202.0
image898.png,205.0
image899.png,205.0
image900.png,206.0
image901.png,205.0
image902.png,202.0
image903.png,205.0
image904.png,205.0
image905.png,209.0
image906.png,205.0
image907.png,209.0
image908.png,209.0
image909.png,205.0
image910.png,197.0
image911.png,201.0
image912.png,205.0
image913.png,205.0
image914.png,202.0
image915.png,202.0
image916.png,202.0
image917.png,193.0
image918.png,194.0
image919.png,205.0
image920.png,205.0
image921.png,202.0
image922.png,205.0
image923.png,202.0
image924.png,209.0
image925.png,202.0
image926.png,197.0
image927.png,202.0
image928.png,202.0
image929.png,201.0
image930.png,202.0
image931.png,202.0
image932.png,202.0
image933.png,205.0
image934.png,205.0
image935.png,201.0
image936.png,205.0
image937.png,194.0
image938.png,205.0
image939.png,202.0
image940.png,197.0
image941.png,202.0
image942.png,194.0
image943.png,205.0
image944.png,205.0
image945.png,205.0
image946.png,209.0
image947.png,202.0
image948.png,209.0
image949.png,209.0
image950.png,202.0
image951.png,209.0
image952.png,205.0
image953.png,209.0
image954.png,205.0
image955.png,205.0
image956.png,209.0
image957.png,209.0
image958.png,209.0
image959.png,209.0
image960.png,209.0
image961.png,205.0
image962.png,209.0
image963.png,205.0
image964.png,209.0
image965.png,206.0
image966.png,209.0
image967.png,209.0
image968.png,209.0
image969.png,213.0
image970.png,209.0
image971.png,205.0
image972.png,202.0
image973.png,209.0
image974.png,209.0
image975.png,209.0
image976.png,209.0
image977.png,205.0
image978.png,205.0
image979.png,209.0
image980.png,209.0
image981.png,209.0
image982.png,209.0
image983.png,209.0
image984.png,209.0
image985.png,209.0
image986.png,209.0
image987.png,213.0
image988.png,209.0
image989.png,209.0
image990.png,209.0
image991.png,209.0
image992.png,209.0
image993.png,209.0
image994.png,205.0
image995.png,202.0
image996.png,201.0
image997.png,209.0
image998.png,205.0
image999.png,205.0
image1000.png,205.0
image1001.png,213.0
image1002.png,209.0
image1003.png,209.0
image1004.png,209.0
image1005.png,202.0
image1006.png,205.0
image1007.png,202.0
image1008.png,209.0
image1009.png,202.0
image1010.png,202.0
image1011.png,205.0
image1012.png,205.0
image1013.png,200.0
image1014.png,205.0
image1015.png,205.0
image1016.png,205.0
image1017.png,202.0
image1018.png,205.0
image1019.png,209.0
image1020.png,209.0
image1021.png,197.0
image1022.png,213.0
image1023.png,209.0
image1024.png,202.0
image1025.png,205.0
image1026.png,202.0
image1027.png,205.0
image1028.png,205.0
image1029.png,205.0
image1030.png,202.0
image1031.png,201.0
image1032.png,209.0
image1033.png,202.0
image1034.png,202.0
image1035.png,202.0
image1036.png,202.0
image1037.png,202.0
image1038.png,202.0
image1039.png,205.0
image1040.png,203.0
image1041.png,202.0
image1042.png,205.0
image1043.png,201.0
image1044.png,209.0
image1045.png,205.0
image1046.png,205.0
image1047.png,205.0
image1048.png,213.0
image1049.png,202.0
image1050.png,202.0
image1051.png,205.0
image1052.png,209.0
image1053.png,202.0
image1054.png,205.0
image1055.png,205.0
image1056.png,194.0
image1057.png,202.0
image1058.png,202.0
image1059.png,202.0
image1060.png,202.0
image1061.png,205.0
image1062.png,201.0
image1063.png,205.0
image1064.png,202.0
image1065.png,205.0
image1066.png,209.0
image1067.png,198.0
image1068.png,202.0
image1069.png,202.0
image1070.png,209.0
image1071.png,209.0
image1072.png,209.0
image1073.png,213.0
image1074.png,213.0
image1075.png,213.0
image1076.png,213.0
image1077.png,209.0
image1078.png,209.0
image1079.png,209.0
image1080.png,209.0
image1081.png,209.0
image1082.png,209.0
image1083.png,213.0
image1084.png,209.0
image1085.png,209.0
image1086.png,209.0
image1087.png,213.0
image1088.png,209.0
image1089.png,213.0
image1090.png,205.0
image1091.png,209.0
image1092.png,212.0
image1093.png,213.0
image1094.png,219.0
image1095.png,213.0
image1096.png,209.0
image1097.png,205.0
image1098.png,209.0
image1099.png,209.0
image1100.png,209.0
image1101.png,209.0
image1102.png,212.0
image1103.png,209.0
image1104.png,202.0
image1105.png,209.0
image1106.png,209.0
image1107.png,205.0
image1108.png,205.0
image1109.png,205.0
image1110.png,205.0
image1111.png,209.0
image1112.png,209.0
image1113.png,202.0
image1114.png,209.0
image1115.png,205.0
image1116.png,205.0
image1117.png,205.0
image1118.png,201.0
image1119.png,202.0
image1120.png,209.0
image1121.png,209.0
image1122.png,205.0
image1123.png,205.0
image1124.png,209.0
image1125.png,209.0
image1126.png,209.0
image1127.png,202.0
image1128.png,205.0
image1129.png,201.0
image1130.png,205.0
image1131.png,209.0
image1132.png,209.0
image1133.png,209.0
image1134.png,205.0
image1135.png,197.0
image1136.png,201.0
image1137.png,202.0
image1138.png,205.0
image1139.png,213.0
image1140.png,209.0
image1141.png,213.0
image1142.png,209.0
image1143.png,205.0
image1144.png,202.0
image1145.png,209.0
image1146.png,206.0
image1147.png,205.0
image1148.png,209.0
image1149.png,212.0
image1150.png,205.0
image1151.png,205.0
image1152.png,213.0
image1153.png,205.0
image1154.png,209.0
image1155.png,209.0
image1156.png,213.0
image1157.png,209.0
image1158.png,209.0
image1159.png,205.0
image1160.png,209.0
image1161.png,209.0
image1162.png,209.0
image1163.png,213.0
image1164.png,209.0
image1165.png,202.0
image1166.png,205.0
image1167.png,205.0
image1168.png,202.0
image1169.png,202.0
image1170.png,205.0
image1171.png,205.0
image1172.png,202.0
image1173.png,205.0
image1174.png,209.0
image1175.png,209.0
image1176.png,209.0
image1177.png,202.0
image1178.png,205.0
image1179.png,205.0
image1180.png,202.0
image1181.png,205.0
image1182.png,202.0
image1183.png,197.0
image1184.png,202.0
image1185.png,202.0
image1186.png,209.0
image1187.png,205.0
image1188.png,205.0
image1189.png,209.0
image1190.png,209.0
image1191.png,209.0
image1192.png,202.0
image1193.png,213.0
image1194.png,209.0
image1195.png,205.0
image1196.png,205.0
image1197.png,202.0
image1198.png,213.0
image1199.png,209.0
image1200.png,209.0
image1201.png,202.0
image1202.png,209.0
image1203.png,205.0
image1204.png,205.0
image1205.png,209.0
image1206.png,205.0
image1207.png,209.0
image1208.png,213.0
image1209.png,202.0
image1210.png,205.0
image1211.png,202.0
image1212.png,205.0
image1213.png,202.0
image1214.png,205.0
image1215.png,209.0
image1216.png,202.0
image1217.png,205.0
image1218.png,209.0
image1219.png,202.0
image1220.png,205.0
image1221.png,209.0
image1222.png,209.0
image1223.png,205.0
image1224.png,202.0
image1225.png,202.0
image1226.png,205.0
image1227.png,205.0
image1228.png,205.0
image1229.png,202.0
image1230.png,209.0
image1231.png,205.0
image1232.png,205.0
image1233.png,202.0
image1234.png,209.0
image1235.png,202.0
image1236.png,202.0
image1237.png,202.0
image1238.png,202.0
image1239.png,205.0
image1240.png,202.0
image1241.png,197.0
image1242.png,202.0
image1243.png,202.0
image1244.png,209.0
image1245.png,202.0
image1246.png,197.0
image1247.png,202.0
image1248.png,197.0
image1249.png,202.0
image1250.png,206.0
image1251.png,202.0
image1252.png,205.0
image1253.png,202.0
image1254.png,209.0
image1255.png,213.0
image1256.png,213.0
image1257.png,213.0
image1258.png,213.0
image1259.png,205.0
image1260.png,209.0
image1261.png,213.0
image1262.png,209.0
image1263.png,209.0
image1264.png,213.0
image1265.png,213.0
image1266.png,205.0
image1267.png,209.0
image1268.png,205.0
image1269.png,205.0
image1270.png,209.0
image1271.png,209.0
image1272.png,205.0
image1273.png,213.0
image1274.png,213.0
image1275.png,213.0
image1276.png,209.0
image1277.png,219.0
image1278.png,212.0
image1279.png,209.0
image1280.png,205.0
image1281.png,202.0
image1282.png,205.0
image1283.png,205.0
image1284.png,202.0
image1285.png,205.0
image1286.png,202.0
image1287.png,197.0
image1288.png,202.0
image1289.png,202.0
image1290.png,205.0
image1291.png,205.0
image1292.png,209.0
image1293.png,209.0
image1294.png,205.0
image1295.png,200.0
image1296.png,205.0
image1297.png,197.0
image1298.png,195.0
image1299.png,194.0
image1300.png,197.0
image1301.png,209.0
image1302.png,205.0
image1303.png,209.0
image1304.png,209.0
image1305.png,209.0
image1306.png,197.0
image1307.png,202.0
image1308.png,202.0
image1309.png,199.0
image1310.png,202.0
image1311.png,194.0
image1312.png,202.0
image1313.png,202.0
image1314.png,202.0
image1315.png,201.0
image1316.png,206.0
image1317.png,205.0
image1318.png,205.0
image1319.png,205.0
image1320.png,202.0
image1321.png,202.0
image1322.png,202.0
image1323.png,197.0
image1324.png,201.0
image1325.png,205.0
image1326.png,209.0
image1327.png,205.0
image1328.png,205.0
image1329.png,205.0
image1330.png,205.0
image1331.png,202.0
image1332.png,202.0
image1333.png,205.0
image1334.png,202.0
image1335.png,205.0
image1336.png,205.0
image1337.png,205.0
image1338.png,202.0
image1339.png,205.0
image1340.png,205.0
image1341.png,205.0
image1342.png,205.0
image1343.png,202.0
image1344.png,202.0
image1345.png,205.0
image1346.png,209.0
image1347.png,213.0
image1348.png,209.0
image1349.png,202.0
image1350.png,205.0
image1351.png,202.0
image1352.png,209.0
image1353.png,209.0
image1354.png,205.0
image1355.png,205.0
image1356.png,209.0
image1357.png,202.0
image1358.png,205.0
image1359.png,205.0
image1360.png,209.0
image1361.png,209.0
image1362.png,205.0
image1363.png,209.0
image1364.png,202.0
image1365.png,205.0
image1366.png,209.0
image1367.png,205.0
image1368.png,205.0
image1369.png,202.0
image1370.png,202.0
image1371.png,209.0
image1372.png,205.0
image1373.png,205.0
image1374.png,205.0
image1375.png,202.0
image1376.png,209.0
image1377.png,209.0
image1378.png,202.0
image1379.png,205.0
image1380.png,209.0
image1381.png,205.0
image1382.png,209.0
image1383.png,205.0
image1384.png,205.0
image1385.png,205.0
image1386.png,205.0
image1387.png,209.0
image1388.png,205.0
image1389.png,209.0
image1390.png,209.0
image1391.png,205.0
image1392.png,205.0
image1393.png,78.0
image1394.png,90.0
image1395.png,94.0
image1396.png,94.0
image1397.png,78.0
image1398.png,75.0
image1399.png,64.0
image1400.png,76.0
image1401.png,74.0
image1402.png,77.0
image1403.png,64.0
image1404.png,90.0
image1405.png,71.0
image1406.png,77.0
image1407.png,76.0
image1408.png,78.0
image1409.png,74.0
image1410.png,75.0
image1411.png,78.0
image1412.png,90.0
image1413.png,87.0
image1414.png,77.0
image1415.png,76.0
image1416.png,71.0
image1417.png,64.0
image1418.png,77.0
image1419.png,71.0
image1420.png,96.0
image1421.png,64.0
image1422.png,71.0
image1423.png,64.0
image1424.png,78.0
image1425.png,71.0
image1426.png,74.0
image1427.png,78.0
image1428.png,87.0
image1429.png,100.0
image1430.png,64.0
image1431.png,76.0
image1432.png,78.0
image1433.png,76.0
image1434.png,78.0
image1435.png,96.0
image1436.png,96.0
image1437.png,87.0
image1438.png,74.0
image1439.png,91.0
image1440.png,100.0
image1441.png,100.0
image1442.png,96.0
image1443.png,75.0
image1444.png,96.0
image1445.png,97.0
image1446.png,87.0
image1447.png,76.0
image1448.png,78.0
image1449.png,78.0
image1450.png,76.0
image1451.png,64.0
image1452.png,76.0
image1453.png,78.0
image1454.png,86.0
image1455.png,71.0
image1456.png,71.0
image1457.png,71.0
image1458.png,74.0
image1459.png,94.0
image1460.png,76.0
image1461.png,64.0
image1462.png,75.0
image1463.png,64.0
image1464.png,78.0
image1465.png,82.0
image1466.png,78.0
image1467.png,74.0
image1468.png,91.0
image1469.png,97.0
image1470.png,71.0
image1471.png,96.0
image1472.png,68.0
image1473.png,94.0
image1474.png,92.0
image1475.png,90.0
image1476.png,74.0
image1477.png,78.0
image1478.png,78.0
image1479.png,75.0
image1480.png,74.0
image1481.png,94.0
image1482.png,94.0
image1483.png,96.0
image1484.png,89.0
image1485.png,64.0
image1486.png,78.0
image1487.png,71.0
image1488.png,64.0
image1489.png,78.0
image1490.png,82.0
image1491.png,72.0
image1492.png,78.0
image1493.png,77.0
image1494.png,113.0
image1495.png,74.0
image1496.png,103.0
image1497.png,71.0
image1498.png,96.0
image1499.png,71.0
image1500.png,91.0
image1501.png,64.0
image1502.png,76.0
image1503.png,78.0
image1504.png,76.0
image1505.png,74.0
image1506.png,82.0
image1507.png,78.0
image1508.png,78.0
image1509.png,74.0
image1510.png,78.0
image1511.png,64.0
image1512.png,64.0
image1513.png,64.0
image1514.png,64.0
image1515.png,64.0
image1516.png,71.0
image1517.png,78.0
image1518.png,90.0
image1519.png,96.0
image1520.png,89.0
image1521.png,76.0
image1522.png,78.0
image1523.png,91.0
image1524.png,94.0
image1525.png,70.0
image1526.png,82.0
image1527.png,96.0
image1528.png,98.0
image1529.png,91.0
image1530.png,77.0
image1531.png,90.0
image1532.png,65.0
image1533.png,78.0
image1534.png,98.0
image1535.png,74.0
image1536.png,98.0
image1537.png,96.0
image1538.png,87.0
image1539.png,78.0
image1540.png,78.0
image1541.png,90.0
image1542.png,96.0
image1543.png,78.0
image1544.png,96.0
image1545.png,89.0
image1546.png,90.0
image1547.png,98.0
image1548.png,64.0
image1549.png,90.0
image1550.png,78.0
image1551.png,78.0
image1552.png,78.0
image1553.png,76.0
image1554.png,90.0
image1555.png,91.0
image1556.png,64.0
image1557.png,77.0
image1558.png,100.0
image1559.png,87.0
image1560.png,71.0
image1561.png,78.0
image1562.png,78.0
image1563.png,76.0
image1564.png,78.0
image1565.png,99.0
image1566.png,87.0
image1567.png,76.0
image1568.png,90.0
image1569.png,96.0
image1570.png,78.0
image1571.png,89.0
image1572.png,99.0
image1573.png,89.0
image1574.png,64.0
image1575.png,90.0
image1576.png,96.0
image1577.png,87.0
image1578.png,92.0
image1579.png,94.0
image1580.png,100.0
image1581.png,113.0
image1582.png,78.0
image1583.png,98.0
image1584.png,97.0
image1585.png,91.0
image1586.png,95.0
image1587.png,98.0
image1588.png,71.0
image1589.png,96.0
image1590.png,96.0
image1591.png,94.0
image1592.png,94.0
image1593.png,87.0
image1594.png,96.0
image1595.png,77.0
image1596.png,77.0
image1597.png,64.0
image1598.png,94.0
image1599.png,78.0
image1600.png,78.0
image1601.png,66.0
image1602.png,78.0
image1603.png,78.0
image1604.png,78.0
image1605.png,76.0
image1606.png,77.0
image1607.png,71.0
image1608.png,71.0
image1609.png,82.0
image1610.png,76.0
image1611.png,74.0
image1612.png,76.0
image1613.png,74.0
image1614.png,71.0
image1615.png,64.0
image1616.png,94.0
image1617.png,74.0
image1618.png,78.0
image1619.png,96.0
image1620.png,94.0
image1621.png,66.0
image1622.png,87.0
image1623.png,99.0
image1624.png,90.0
image1625.png,89.0
image1626.png,101.0
image1627.png,96.0
image1628.png,91.0
image1629.png,77.0
image1630.png,71.0
image1631.png,90.0
image1632.png,74.0
image1633.png,89.0
image1634.png,82.0
image1635.png,77.0
image1636.png,74.0
image1637.png,72.0
image1638.png,94.0
image1639.png,78.0
image1640.png,64.0
image1641.png,71.0
image1642.png,76.0
image1643.png,94.0
image1644.png,76.0
image1645.png,77.0
image1646.png,77.0
image1647.png,76.0
image1648.png,78.0
image1649.png,77.0
image1650.png,71.0
image1651.png,64.0
image1652.png,94.0
image1653.png,78.0
image1654.png,78.0
image1655.png,76.0
image1656.png,82.0
image1657.png,96.0
image1658.png,74.0
image1659.png,95.0
image1660.png,78.0
image1661.png,76.0
image1662.png,94.0
image1663.png,74.0
image1664.png,100.0
image1665.png,90.0
image1666.png,81.0
image1667.png,91.0
image1668.png,98.0
image1669.png,78.0
image1670.png,78.0
image1671.png,74.0
image1672.png,101.0
image1673.png,210.0
image1674.png,188.0
image1675.png,196.0
image1676.png,203.0
image1677.png,202.0
image1678.png,191.0
image1679.png,209.0
image1680.png,210.0
image1681.png,189.0
image1682.png,191.0
image1683.png,188.0
image1684.png,186.0
image1685.png,189.0
image1686.png,184.0
image1687.png,206.0
image1688.png,195.0
image1689.png,189.0
image1690.png,196.0
image1691.png,196.0
image1692.png,203.0
image1693.png,204.0
image1694.png,207.0
image1695.png,188.0
image1696.png,188.0
image1697.png,192.0
image1698.png,197.0
image1699.png,186.0
image1700.png,192.0
image1701.png,202.0
image1702.png,189.0
image1703.png,206.0
image1704.png,186.0
image1705.png,195.0
image1706.png,184.0
image1707.png,203.0
image1708.png,207.0
image1709.png,207.0
image1710.png,202.0
image1711.png,199.0
image1712.png,206.0
image1713.png,203.0
image1714.png,204.0
image1715.png,209.0
image1716.png,210.0
image1717.png,197.0
image1718.png,202.0
image1719.png,197.0
image1720.png,207.0
image1721.png,202.0
image1722.png,203.0
image1723.png,200.0
image1724.png,199.0
image1725.png,197.0
image1726.png,216.0
image1727.png,189.0
image1728.png,185.0
image1729.png,203.0
image1730.png,206.0
image1731.png,188.0
image1732.png,187.0
image1733.png,188.0
image1734.png,185.0
image1735.png,188.0
image1736.png,189.0
image1737.png,195.0
image1738.png,189.0
image1739.png,187.0
image1740.png,205.0
image1741.png,203.0
image1742.png,200.0
image1743.png,191.0
image1744.png,185.0
image1745.png,208.0
image1746.png,204.0
image1747.png,190.0
image1748.png,186.0
image1749.png,200.0
image1750.png,190.0
image1751.png,203.0
image1752.png,221.0
image1753.png,189.0
image1754.png,211.0
image1755.png,189.0
image1756.png,219.0
image1757.png,202.0
image1758.png,187.0
image1759.png,186.0
image1760.png,189.0
image1761.png,206.0
image1762.png,212.0
image1763.png,210.0
image1764.png,191.0
image1765.png,208.0
image1766.png,188.0
image1767.png,204.0
image1768.png,210.0
image1769.png,185.0
image1770.png,204.0
image1771.png,207.0
image1772.png,192.0
image1773.png,190.0
image1774.png,185.0
image1775.png,188.0
image1776.png,195.0
image1777.png,202.0
image1778.png,203.0
image1779.png,191.0
image1780.png,221.0
image1781.png,188.0
image1782.png,186.0
image1783.png,203.0
image1784.png,207.0
image1785.png,192.0
image1786.png,187.0
image1787.png,204.0
image1788.png,209.0
image1789.png,205.0
image1790.png,212.0
image1791.png,206.0
image1792.png,204.0
image1793.png,204.0
image1794.png,214.0
image1795.png,205.0
image1796.png,191.0
image1797.png,196.0
image1798.png,195.0
image1799.png,190.0
image1800.png,196.0
image1801.png,204.0
image1802.png,204.0
image1803.png,187.0
image1804.png,186.0
image1805.png,186.0
image1806.png,186.0
image1807.png,187.0
image1808.png,200.0
image1809.png,195.0
image1810.png,205.0
image1811.png,202.0
image1812.png,203.0
image1813.png,185.0
image1814.png,185.0
image1815.png,203.0
image1816.png,186.0
image1817.png,196.0
image1818.png,186.0
image1819.png,202.0
image1820.png,203.0
image1821.png,188.0
image1822.png,189.0
image1823.png,203.0
image1824.png,202.0
image1825.png,189.0
image1826.png,190.0
image1827.png,70.0
image1828.png,68.0
image1829.png,70.0
image1830.png,64.0
image1831.png,71.0
image1832.png,70.0
image1833.png,68.0
image1834.png,126.0
image1835.png,127.0
image1836.png,127.0
image1837.png,127.0
image1838.png,129.0
image1839.png,127.0
image1840.png,128.0
image1841.png,128.0
image1842.png,128.0
image1843.png,131.0
image1844.png,130.0
image1845.png,127.0
image1846.png,130.0
image1847.png,128.0
image1848.png,128.0
image1849.png,128.0
image1850.png,126.0
image1851.png,130.0
image1852.png,128.0
image1853.png,129.0
image1854.png,129.0
image1855.png,130.0
image1856.png,130.0
image1857.png,132.0
image1858.png,128.0
image1859.png,128.0
image1860.png,128.0
image1861.png,124.0
image1862.png,130.0
image1863.png,130.0
image1864.png,132.0
image1865.png,127.0
image1866.png,128.0
image1867.png,127.0
image1868.png,129.0
image1869.png,125.0
image1870.png,127.0
image1871.png,125.0
image1872.png,132.0
image1873.png,130.0
image1874.png,129.0
image1875.png,129.0
image1876.png,132.0
image1877.png,130.0
image1878.png,126.0
image1879.png,128.0
image1880.png,124.0
image1881.png,130.0
image1882.png,132.0
image1883.png,132.0
image1884.png,132.0
image1885.png,131.0
image1886.png,132.0
image1887.png,132.0
image1888.png,132.0
image1889.png,133.0
image1890.png,129.0
image1891.png,131.0
image1892.png,132.0
image1893.png,126.0
image1894.png,124.0
image1895.png,124.0
image1896.png,130.0
image1897.png,130.0
image1898.png,130.0
image1899.png,134.0
image1900.png,132.0
image1901.png,130.0
image1902.png,136.0
image1903.png,127.0
image1904.png,130.0
image1905.png,127.0
image1906.png,130.0
image1907.png,128.0
image1908.png,128.0
image1909.png,129.0
image1910.png,127.0
image1911.png,126.0
image1912.png,126.0
image1913.png,124.0
image1914.png,127.0
image1915.png,127.0
image1916.png,126.0
image1917.png,127.0
image1918.png,127.0
image1919.png,126.0
image1920.png,125.0
image1921.png,130.0
image1922.png,128.0
image1923.png,128.0
image1924.png,134.0
image1925.png,128.0
image1926.png,130.0
image1927.png,132.0
image1928.png,132.0
image1929.png,132.0
image1930.png,132.0
image1931.png,132.0
image1932.png,130.0
image1933.png,132.0
image1934.png,132.0
image1935.png,130.0
image1936.png,128.0
image1937.png,129.0
image1938.png,129.0
image1939.png,132.0
image1940.png,132.0
image1941.png,130.0
image1942.png,128.0
image1943.png,123.0
image1944.png,127.0
image1945.png,126.0
image1946.png,127.0
image1947.png,129.0
image1948.png,128.0
image1949.png,130.0
image1950.png,128.0
image1951.png,128.0
image1952.png,130.0
image1953.png,130.0
image1954.png,128.0
image1955.png,130.0
image1956.png,132.0
image1957.png,132.0
image1958.png,132.0
image1959.png,127.0
image1960.png,127.0
image1961.png,127.0
image1962.png,127.0
image1963.png,128.0
image1964.png,129.0
image1965.png,135.0
image1966.png,127.0
image1967.png,126.0
image1968.png,127.0
image1969.png,127.0
image1970.png,126.0
image1971.png,131.0
image1972.png,130.0
image1973.png,133.0
image1974.png,132.0
image1975.png,126.0
image1976.png,124.0
image1977.png,128.0
image1978.png,127.0
image1979.png,123.0
image1980.png,117.0
image1981.png,121.0
image1982.png,127.0
image1983.png,128.0
image1984.png,128.0
image1985.png,130.0
image1986.png,124.0
image1987.png,123.0
image1988.png,125.0
image1989.png,127.0
image1990.png,130.0
image1991.png,128.0
image1992.png,127.0
image1993.png,130.0
image1994.png,127.0
image1995.png,128.0
image1996.png,128.0
image1997.png,127.0
image1998.png,136.0
image1999.png,145.0
image2000.png,133.0
image2001.png,129.0
image2002.png,132.0
image2003.png,128.0
image2004.png,128.0
image2005.png,134.0
image2006.png,136.0
image2007.png,138.0
image2008.png,136.0
image2009.png,136.0
image2010.png,136.0
image2011.png,136.0
image2012.png,136.0
image2013.png,136.0
image2014.png,137.0
image2015.png,135.0
image2016.png,136.0
image2017.png,138.0
image2018.png,136.0
image2019.png,136.0
image2020.png,136.0
image2021.png,134.0
image2022.png,136.0
image2023.png,140.0
image2024.png,136.0
image2025.png,136.0
image2026.png,138.0
image2027.png,135.0
image2028.png,137.0
image2029.png,132.0
image2030.png,135.0
image2031.png,136.0
image2032.png,132.0
image2033.png,136.0
image2034.png,137.0
image2035.png,136.0
image2036.png,136.0
image2037.png,137.0
image2038.png,133.0
image2039.png,136.0
image2040.png,136.0
image2041.png,134.0
image2042.png,133.0
image2043.png,137.0
image2044.png,135.0
image2045.png,130.0
image2046.png,129.0
image2047.png,129.0
image2048.png,132.0
image2049.png,131.0
image2050.png,132.0
image2051.png,130.0
image2052.png,134.0
image2053.png,132.0
image2054.png,136.0
image2055.png,133.0
image2056.png,135.0
image2057.png,130.0
image2058.png,132.0
image2059.png,126.0
image2060.png,127.0
image2061.png,128.0
image2062.png,130.0
image2063.png,131.0
image2064.png,130.0
image2065.png,128.0
image2066.png,128.0
image2067.png,132.0
image2068.png,127.0
image2069.png,128.0
image2070.png,128.0
image2071.png,130.0
image2072.png,132.0
image2073.png,132.0
image2074.png,132.0
image2075.png,133.0
image2076.png,134.0
image2077.png,136.0
image2078.png,130.0
image2079.png,132.0
image2080.png,132.0
image2081.png,132.0
image2082.png,132.0
image2083.png,132.0
image2084.png,132.0
image2085.png,132.0
image2086.png,132.0
image2087.png,139.0
image2088.png,127.0
image2089.png,126.0
image2090.png,126.0
image2091.png,125.0
image2092.png,126.0
image2093.png,125.0
image2094.png,127.0
image2095.png,127.0
image2096.png,125.0
image2097.png,126.0
image2098.png,126.0
image2099.png,127.0
image2100.png,122.0
image2101.png,123.0
image2102.png,122.0
image2103.png,127.0
image2104.png,130.0
image2105.png,132.0
image2106.png,130.0
image2107.png,130.0
image2108.png,127.0
image2109.png,123.0
image2110.png,123.0
image2111.png,127.0
image2112.png,128.0
image2113.png,127.0
image2114.png,124.0
image2115.png,127.0
image2116.png,128.0
image2117.png,130.0
image2118.png,128.0
image2119.png,130.0
image2120.png,128.0
image2121.png,130.0
image2122.png,131.0
image2123.png,132.0
image2124.png,135.0
image2125.png,134.0
image2126.png,140.0
image2127.png,135.0
image2128.png,136.0
image2129.png,136.0
image2130.png,134.0
image2131.png,135.0
image2132.png,136.0
image2133.png,134.0
image2134.png,130.0
image2135.png,132.0
image2136.png,135.0
image2137.png,134.0
image2138.png,132.0
image2139.png,136.0
image2140.png,133.0
image2141.png,135.0
image2142.png,132.0
image2143.png,134.0
image2144.png,132.0
image2145.png,132.0
image2146.png,135.0
image2147.png,132.0
image2148.png,134.0
image2149.png,135.0
image2150.png,140.0
image2151.png,132.0
image2152.png,132.0
image2153.png,137.0
image2154.png,128.0
image2155.png,131.0
image2156.png,136.0
image2157.png,134.0
image2158.png,136.0
image2159.png,135.0
image2160.png,132.0
image2161.png,135.0
image2162.png,151.0
image2163.png,144.0
image2164.png,133.0
image2165.png,131.0
image2166.png,135.0
image2167.png,132.0
image2168.png,132.0
image2169.png,134.0
image2170.png,132.0
image2171.png,130.0
image2172.png,132.0
image2173.png,131.0
image2174.png,134.0
image2175.png,132.0
image2176.png,132.0
image2177.png,132.0
image2178.png,132.0
image2179.png,132.0
image2180.png,134.0
image2181.png,130.0
image2182.png,132.0
image2183.png,130.0
image2184.png,132.0
image2185.png,132.0
image2186.png,131.0
image2187.png,134.0
image2188.png,136.0
image2189.png,134.0
image2190.png,134.0
image2191.png,130.0
image2192.png,130.0
image2193.png,130.0
image2194.png,130.0
image2195.png,139.0
image2196.png,135.0
image2197.png,133.0
image2198.png,134.0
image2199.png,133.0
image2200.png,140.0
image2201.png,136.0
image2202.png,140.0
image2203.png,130.0
image2204.png,132.0
image2205.png,132.0
image2206.png,134.0
image2207.png,132.0
image2208.png,130.0
image2209.png,130.0
image2210.png,132.0
image2211.png,138.0
image2212.png,147.0
image2213.png,147.0
image2214.png,137.0
image2215.png,132.0
image2216.png,131.0
image2217.png,132.0
image2218.png,135.0
image2219.png,140.0
image2220.png,137.0
image2221.png,148.0
image2222.png,139.0
image2223.png,127.0
image2224.png,126.0
image2225.png,128.0
image2226.png,130.0
image2227.png,130.0
image2228.png,128.0
image2229.png,127.0
image2230.png,128.0
image2231.png,137.0
image2232.png,134.0
image2233.png,134.0
image2234.png,135.0
image2235.png,132.0
image2236.png,132.0
image2237.png,128.0
image2238.png,129.0
image2239.png,128.0
image2240.png,128.0
image2241.png,124.0
image2242.png,131.0
image2243.png,136.0
image2244.png,132.0
image2245.png,132.0
image2246.png,129.0
image2247.png,128.0
image2248.png,132.0
image2249.png,130.0
image2250.png,132.0
image2251.png,130.0
image2252.png,128.0
image2253.png,131.0
image2254.png,132.0
image2255.png,138.0
image2256.png,133.0
image2257.png,135.0
image2258.png,132.0
image2259.png,132.0
image2260.png,131.0
image2261.png,134.0
image2262.png,134.0
image2263.png,134.0
image2264.png,134.0
image2265.png,130.0
image2266.png,129.0
image2267.png,130.0
image2268.png,132.0
image2269.png,128.0
image2270.png,132.0
image2271.png,132.0
image2272.png,128.0
image2273.png,129.0
image2274.png,130.0
image2275.png,128.0
image2276.png,130.0
image2277.png,131.0
image2278.png,129.0
image2279.png,135.0
image2280.png,134.0
image2281.png,129.0
image2282.png,130.0
image2283.png,134.0
image2284.png,128.0
image2285.png,131.0
image2286.png,134.0
image2287.png,130.0
image2288.png,130.0
image2289.png,131.0
image2290.png,130.0
image2291.png,130.0
image2292.png,125.0
image2293.png,122.0
image2294.png,124.0
image2295.png,123.0
image2296.png,125.0
image2297.png,124.0
image2298.png,125.0
image2299.png,127.0
image2300.png,126.0
image2301.png,128.0
image2302.png,127.0
image2303.png,129.0
image2304.png,127.0
image2305.png,132.0
image2306.png,126.0
image2307.png,127.0
image2308.png,125.0
image2309.png,128.0
image2310.png,125.0
image2311.png,124.0
image2312.png,142.0
image2313.png,143.0
image2314.png,140.0
image2315.png,138.0
image2316.png,145.0
image2317.png,128.0
image2318.png,138.0
image2319.png,140.0
image2320.png,140.0
image2321.png,140.0
image2322.png,132.0
image2323.png,132.0
image2324.png,131.0
image2325.png,131.0
image2326.png,131.0
image2327.png,134.0
image2328.png,130.0
image2329.png,130.0
image2330.png,136.0
image2331.png,134.0
image2332.png,136.0
image2333.png,138.0
image2334.png,143.0
image2335.png,140.0
image2336.png,127.0
image2337.png,139.0
image2338.png,128.0
image2339.png,125.0
image2340.png,125.0
image2341.png,125.0
image2342.png,126.0
image2343.png,125.0
image2344.png,126.0
image2345.png,124.0
image2346.png,124.0
image2347.png,125.0
image2348.png,125.0
image2349.png,123.0
image2350.png,134.0
image2351.png,148.0
image2352.png,136.0
image2353.png,138.0
image2354.png,132.0
image2355.png,128.0
image2356.png,137.0
image2357.png,128.0
image2358.png,125.0
image2359.png,125.0
image2360.png,123.0
image2361.png,124.0
image2362.png,133.0
image2363.png,132.0
image2364.png,132.0
image2365.png,130.0
image2366.png,128.0
image2367.png,128.0
image2368.png,125.0
image2369.png,127.0
image2370.png,126.0
image2371.png,127.0
image2372.png,124.0
image2373.png,124.0
image2374.png,125.0
image2375.png,130.0
image2376.png,130.0
image2377.png,128.0
image2378.png,129.0
image2379.png,130.0
image2380.png,129.0
image2381.png,127.0
image2382.png,128.0
image2383.png,128.0
image2384.png,127.0
image2385.png,128.0
image2386.png,132.0
image2387.png,132.0
image2388.png,131.0
image2389.png,125.0
image2390.png,132.0
image2391.png,135.0
image2392.png,133.0
image2393.png,132.0
image2394.png,132.0
image2395.png,128.0
image2396.png,129.0
image2397.png,134.0
image2398.png,132.0
image2399.png,130.0
image2400.png,130.0
image2401.png,130.0
image2402.png,130.0
image2403.png,129.0
image2404.png,131.0
image2405.png,134.0
image2406.png,132.0
image2407.png,132.0
image2408.png,132.0
image2409.png,134.0
image2410.png,132.0
image2411.png,134.0
image2412.png,130.0
image2413.png,135.0
image2414.png,132.0
image2415.png,132.0
image2416.png,132.0
image2417.png,134.0
image2418.png,128.0
image2419.png,131.0
image2420.png,134.0
image2421.png,131.0
image2422.png,134.0
image2423.png,132.0
image2424.png,136.0
image2425.png,131.0
image2426.png,132.0
image2427.png,132.0
image2428.png,132.0
image2429.png,133.0
image2430.png,131.0
image2431.png,132.0
image2432.png,128.0
image2433.png,134.0
image2434.png,134.0
image2435.png,131.0
image2436.png,132.0
image2437.png,132.0
image2438.png,132.0
image2439.png,134.0
image2440.png,130.0
image2441.png,136.0
image2442.png,134.0
image2443.png,134.0
image2444.png,133.0
image2445.png,133.0
image2446.png,133.0
image2447.png,135.0
image2448.png,131.0
image2449.png,133.0
image2450.png,130.0
image2451.png,133.0
image2452.png,136.0
image2453.png,132.0
image2454.png,132.0
image2455.png,134.0
image2456.png,132.0
image2457.png,79.0
image2458.png,82.0
image2459.png,85.0
image2460.png,84.0
image2461.png,83.0
image2462.png,83.0
image2463.png,82.0
image2464.png,82.0
image2465.png,85.0
image2466.png,82.0
image2467.png,85.0
image2468.png,84.0
image2469.png,80.0
image2470.png,83.0
image2471.png,83.0
image2472.png,83.0
image2473.png,83.0
image2474.png,84.0
image2475.png,81.0
image2476.png,84.0
image2477.png,83.0
image2478.png,83.0
image2479.png,87.0
image2480.png,85.0
image2481.png,81.0
image2482.png,83.0
image2483.png,83.0
image2484.png,82.0
image2485.png,81.0
image2486.png,86.0
image2487.png,87.0
image2488.png,82.0
image2489.png,81.0
image2490.png,83.0
image2491.png,82.0
image2492.png,83.0
image2493.png,83.0
image2494.png,85.0
image2495.png,85.0
image2496.png,86.0
image2497.png,85.0
image2498.png,83.0
image2499.png,85.0
image2500.png,83.0
image2501.png,87.0
image2502.png,83.0
image2503.png,91.0
image2504.png,82.0
image2505.png,88.0
image2506.png,88.0
image2507.png,88.0
image2508.png,89.0
image2509.png,88.0
image2510.png,88.0
image2511.png,87.0
image2512.png,88.0
image2513.png,88.0
image2514.png,88.0
image2515.png,87.0
image2516.png,88.0
image2517.png,82.0
image2518.png,82.0
image2519.png,80.0
image2520.png,83.0
image2521.png,83.0
image2522.png,85.0
image2523.png,83.0
image2524.png,88.0
image2525.png,91.0
image2526.png,88.0
image2527.png,89.0
image2528.png,87.0
image2529.png,87.0
image2530.png,85.0
image2531.png,83.0
image2532.png,83.0
image2533.png,88.0
image2534.png,83.0
image2535.png,82.0
image2536.png,83.0
image2537.png,84.0
image2538.png,83.0
image2539.png,82.0
image2540.png,84.0
image2541.png,84.0
image2542.png,83.0
image2543.png,85.0
image2544.png,83.0
image2545.png,85.0
image2546.png,88.0
image2547.png,86.0
image2548.png,84.0
image2549.png,84.0
image2550.png,85.0
image2551.png,83.0
image2552.png,84.0
image2553.png,84.0
image2554.png,83.0
image2555.png,87.0
image2556.png,85.0
image2557.png,91.0
image2558.png,86.0
image2559.png,82.0
image2560.png,86.0
image2561.png,83.0
image2562.png,88.0
image2563.png,86.0
image2564.png,83.0
image2565.png,83.0
image2566.png,85.0
image2567.png,86.0
image2568.png,83.0
image2569.png,80.0
image2570.png,79.0
image2571.png,83.0
image2572.png,82.0
image2573.png,83.0
image2574.png,81.0
image2575.png,90.0
image2576.png,83.0
image2577.png,82.0
image2578.png,85.0
image2579.png,80.0
image2580.png,83.0
image2581.png,83.0
image2582.png,83.0
image2583.png,82.0
image2584.png,80.0
image2585.png,81.0
image2586.png,79.0
image2587.png,82.0
image2588.png,80.0
image2589.png,79.0
image2590.png,79.0
image2591.png,81.0
image2592.png,81.0
image2593.png,82.0
image2594.png,79.0
image2595.png,83.0
image2596.png,81.0
image2597.png,84.0
image2598.png,82.0
image2599.png,80.0
image2600.png,77.0
image2601.png,79.0
image2602.png,83.0
image2603.png,81.0
image2604.png,83.0
image2605.png,79.0
image2606.png,80.0
image2607.png,81.0
image2608.png,80.0
image2609.png,83.0
image2610.png,80.0
image2611.png,79.0
image2612.png,78.0
image2613.png,79.0
image2614.png,81.0
image2615.png,81.0
image2616.png,83.0
image2617.png,83.0
image2618.png,81.0
image2619.png,81.0
image2620.png,86.0
image2621.png,81.0
image2622.png,84.0
image2623.png,85.0
image2624.png,85.0
image2625.png,86.0
image2626.png,85.0
image2627.png,85.0
image2628.png,85.0
image2629.png,95.0
image2630.png,91.0
image2631.png,91.0
image2632.png,96.0
image2633.png,88.0
image2634.png,91.0
image2635.png,95.0
image2636.png,89.0
image2637.png,88.0
image2638.png,92.0
image2639.png,88.0
image2640.png,96.0
image2641.png,90.0
image2642.png,85.0
image2643.png,92.0
image2644.png,86.0
image2645.png,91.0
image2646.png,93.0
image2647.png,89.0
image2648.png,93.0
image2649.png,91.0
image2650.png,89.0
image2651.png,91.0
image2652.png,91.0
image2653.png,89.0
image2654.png,89.0
image2655.png,96.0
image2656.png,86.0
image2657.png,89.0
image2658.png,91.0
image2659.png,89.0
image2660.png,91.0
image2661.png,85.0
image2662.png,91.0
image2663.png,89.0
image2664.png,89.0
image2665.png,89.0
image2666.png,85.0
image2667.png,91.0
image2668.png,89.0
image2669.png,84.0
image2670.png,85.0
image2671.png,87.0
image2672.png,82.0
image2673.png,85.0
image2674.png,91.0
image2675.png,92.0
image2676.png,85.0
image2677.png,85.0
image2678.png,88.0
image2679.png,95.0
image2680.png,96.0
image2681.png,84.0
image2682.png,93.0
image2683.png,87.0
image2684.png,86.0
image2685.png,83.0
image2686.png,83.0
image2687.png,83.0
image2688.png,85.0
image2689.png,81.0
image2690.png,84.0
image2691.png,82.0
image2692.png,91.0
image2693.png,84.0
image2694.png,92.0
image2695.png,89.0
image2696.png,91.0
image2697.png,85.0
image2698.png,91.0
image2699.png,92.0
image2700.png,82.0
image2701.png,82.0
image2702.png,84.0
image2703.png,87.0
image2704.png,85.0
image2705.png,88.0
image2706.png,85.0
image2707.png,89.0
image2708.png,88.0
image2709.png,84.0
image2710.png,87.0
image2711.png,86.0
image2712.png,81.0
image2713.png,83.0
image2714.png,85.0
image2715.png,83.0
image2716.png,83.0
image2717.png,82.0
image2718.png,89.0
image2719.png,83.0
image2720.png,82.0
image2721.png,81.0
image2722.png,90.0
image2723.png,88.0
image2724.png,87.0
image2725.png,78.0
image2726.png,79.0
image2727.png,81.0
image2728.png,92.0
image2729.png,91.0
image2730.png,91.0
image2731.png,91.0
image2732.png,83.0
image2733.png,80.0
image2734.png,80.0
image2735.png,82.0
image2736.png,79.0
image2737.png,82.0
image2738.png,79.0
image2739.png,83.0
image2740.png,87.0
image2741.png,88.0
image2742.png,83.0
image2743.png,81.0
image2744.png,85.0
image2745.png,85.0
image2746.png,86.0
image2747.png,88.0
image2748.png,88.0
image2749.png,91.0
image2750.png,94.0
image2751.png,87.0
image2752.png,87.0
image2753.png,91.0
image2754.png,89.0
image2755.png,90.0
image2756.png,89.0
image2757.png,89.0
image2758.png,100.0
image2759.png,89.0
image2760.png,87.0
image2761.png,88.0
image2762.png,93.0
image2763.png,90.0
image2764.png,84.0
image2765.png,85.0
image2766.png,89.0
image2767.png,86.0
image2768.png,84.0
image2769.png,84.0
image2770.png,89.0
image2771.png,87.0
image2772.png,93.0
image2773.png,89.0
image2774.png,104.0
image2775.png,91.0
image2776.png,85.0
image2777.png,86.0
image2778.png,87.0
image2779.png,86.0
image2780.png,94.0
image2781.png,91.0
image2782.png,88.0
image2783.png,89.0
image2784.png,99.0
image2785.png,93.0
image2786.png,96.0
image2787.png,92.0
image2788.png,87.0
image2789.png,95.0
image2790.png,84.0
image2791.png,94.0
image2792.png,85.0
image2793.png,86.0
image2794.png,94.0
image2795.png,83.0
image2796.png,89.0
image2797.png,97.0
image2798.png,89.0
image2799.png,85.0
image2800.png,88.0
image2801.png,91.0
image2802.png,88.0
image2803.png,94.0
image2804.png,91.0
image2805.png,89.0
image2806.png,96.0
image2807.png,81.0
image2808.png,86.0
image2809.png,88.0
image2810.png,84.0
image2811.png,92.0
image2812.png,91.0
image2813.png,96.0
image2814.png,95.0
image2815.png,84.0
image2816.png,83.0
image2817.png,84.0
image2818.png,89.0
image2819.png,120.0
image2820.png,91.0
image2821.png,97.0
image2822.png,89.0
image2823.png,88.0
image2824.png,88.0
image2825.png,110.0
image2826.png,89.0
image2827.png,84.0
image2828.png,87.0
image2829.png,86.0
image2830.png,88.0
image2831.png,85.0
image2832.png,85.0
image2833.png,85.0
image2834.png,95.0
image2835.png,102.0
image2836.png,97.0
image2837.png,90.0
image2838.png,84.0
image2839.png,89.0
image2840.png,90.0
image2841.png,101.0
image2842.png,92.0
image2843.png,95.0
image2844.png,89.0
image2845.png,83.0
image2846.png,85.0
image2847.png,86.0
image2848.png,88.0
image2849.png,86.0
image2850.png,84.0
image2851.png,88.0
image2852.png,89.0
image2853.png,91.0
image2854.png,87.0
image2855.png,91.0
image2856.png,91.0
image2857.png,88.0
image2858.png,88.0
image2859.png,86.0
image2860.png,86.0
image2861.png,84.0
image2862.png,81.0
image2863.png,82.0
image2864.png,87.0
image2865.png,91.0
image2866.png,85.0
image2867.png,87.0
image2868.png,85.0
image2869.png,94.0
image2870.png,82.0
image2871.png,89.0
image2872.png,84.0
image2873.png,88.0
image2874.png,85.0
image2875.png,89.0
image2876.png,87.0
image2877.png,89.0
image2878.png,94.0
image2879.png,88.0
image2880.png,85.0
image2881.png,85.0
image2882.png,83.0
image2883.png,87.0
image2884.png,88.0
image2885.png,91.0
image2886.png,90.0
image2887.png,98.0
image2888.png,88.0
image2889.png,83.0
image2890.png,83.0
image2891.png,85.0
image2892.png,86.0
image2893.png,86.0
image2894.png,85.0
image2895.png,89.0
image2896.png,82.0
image2897.png,89.0
image2898.png,85.0
image2899.png,82.0
image2900.png,84.0
image2901.png,85.0
image2902.png,89.0
image2903.png,90.0
image2904.png,88.0
image2905.png,91.0
image2906.png,95.0
image2907.png,91.0
image2908.png,88.0
image2909.png,88.0
image2910.png,91.0
image2911.png,95.0
image2912.png,86.0
image2913.png,83.0
image2914.png,84.0
image2915.png,82.0
image2916.png,81.0
image2917.png,79.0
image2918.png,81.0
image2919.png,87.0
image2920.png,81.0
image2921.png,80.0
image2922.png,79.0
image2923.png,81.0
image2924.png,81.0
image2925.png,89.0
image2926.png,81.0
image2927.png,79.0
image2928.png,81.0
image2929.png,81.0
image2930.png,79.0
image2931.png,83.0
image2932.png,83.0
image2933.png,82.0
image2934.png,81.0
image2935.png,79.0
image2936.png,88.0
image2937.png,94.0
image2938.png,92.0
image2939.png,93.0
image2940.png,91.0
image2941.png,92.0
image2942.png,99.0
image2943.png,104.0
image2944.png,100.0
image2945.png,98.0
image2946.png,92.0
image2947.png,94.0
image2948.png,82.0
image2949.png,92.0
image2950.png,87.0
image2951.png,86.0
image2952.png,80.0
image2953.png,80.0
image2954.png,85.0
image2955.png,86.0
image2956.png,102.0
image2957.png,98.0
image2958.png,92.0
image2959.png,87.0
image2960.png,102.0
image2961.png,81.0
image2962.png,82.0
image2963.png,83.0
image2964.png,85.0
image2965.png,82.0
image2966.png,83.0
image2967.png,88.0
image2968.png,86.0
image2969.png,80.0
image2970.png,83.0
image2971.png,81.0
image2972.png,89.0
image2973.png,91.0
image2974.png,91.0
image2975.png,96.0
image2976.png,96.0
image2977.png,88.0
image2978.png,88.0
image2979.png,87.0
image2980.png,94.0
image2981.png,79.0
image2982.png,78.0
image2983.png,80.0
image2984.png,79.0
image2985.png,86.0
image2986.png,88.0
image2987.png,87.0
image2988.png,89.0
image2989.png,84.0
image2990.png,83.0
image2991.png,87.0
image2992.png,89.0
image2993.png,84.0
image2994.png,81.0
image2995.png,86.0
image2996.png,82.0
image2997.png,81.0
image2998.png,84.0
image2999.png,82.0
image3000.png,86.0
image3001.png,83.0
image3002.png,91.0
image3003.png,87.0
image3004.png,89.0
image3005.png,79.0
image3006.png,84.0
image3007.png,83.0
image3008.png,85.0
image3009.png,85.0
image3010.png,84.0
image3011.png,91.0
image3012.png,85.0
image3013.png,85.0
image3014.png,85.0
image3015.png,86.0
image3016.png,80.0
image3017.png,81.0
image3018.png,79.0
image3019.png,83.0
image3020.png,85.0
image3021.png,89.0
image3022.png,86.0
image3023.png,88.0
image3024.png,84.0
image3025.png,87.0
image3026.png,87.0
image3027.png,87.0
image3028.png,91.0
image3029.png,89.0
image3030.png,92.0
image3031.png,87.0
image3032.png,88.0
image3033.png,88.0
image3034.png,87.0
image3035.png,91.0
image3036.png,87.0
image3037.png,91.0
image3038.png,90.0
image3039.png,85.0
image3040.png,85.0
image3041.png,94.0
image3042.png,89.0
image3043.png,87.0
image3044.png,90.0
image3045.png,88.0
image3046.png,87.0
image3047.png,88.0
image3048.png,89.0
image3049.png,88.0
image3050.png,89.0
image3051.png,85.0
image3052.png,85.0
image3053.png,91.0
image3054.png,83.0
image3055.png,89.0
image3056.png,88.0
image3057.png,88.0
image3058.png,87.0
image3059.png,86.0
image3060.png,88.0
image3061.png,88.0
image3062.png,89.0
image3063.png,87.0
image3064.png,95.0
image3065.png,95.0
image3066.png,90.0
image3067.png,87.0
image3068.png,88.0
image3069.png,91.0
image3070.png,89.0
image3071.png,86.0
image3072.png,91.0
image3073.png,88.0
image3074.png,88.0
image3075.png,88.0
image3076.png,88.0
image3077.png,92.0
image3078.png,88.0
image3079.png,136.0
image3080.png,140.0
image3081.png,145.0
image3082.png,146.0
image3083.png,145.0
image3084.png,141.0
image3085.png,143.0
image3086.png,142.0
image3087.png,142.0
image3088.png,143.0
image3089.png,147.0
image3090.png,143.0
image3091.png,150.0
image3092.png,143.0
image3093.png,142.0
image3094.png,143.0
image3095.png,145.0
image3096.png,143.0
image3097.png,141.0
image3098.png,140.0
image3099.png,142.0
image3100.png,147.0
image3101.png,144.0
image3102.png,146.0
image3103.png,141.0
image3104.png,140.0
image3105.png,140.0
image3106.png,141.0
image3107.png,141.0
image3108.png,142.0
image3109.png,149.0
image3110.png,150.0
image3111.png,151.0
image3112.png,147.0
image3113.png,145.0
image3114.png,145.0
image3115.png,141.0
image3116.png,141.0
image3117.png,140.0
image3118.png,141.0
image3119.png,136.0
image3120.png,140.0
image3121.png,141.0
image3122.png,140.0
image3123.png,136.0
image3124.png,146.0
image3125.png,142.0
image3126.png,142.0
image3127.png,145.0
image3128.png,142.0
image3129.png,140.0
image3130.png,142.0
image3131.png,141.0
image3132.png,138.0
image3133.png,137.0
image3134.png,143.0
image3135.png,146.0
image3136.png,139.0
image3137.png,137.0
image3138.png,135.0
image3139.png,137.0
image3140.png,142.0
image3141.png,135.0
image3142.png,150.0
image3143.png,150.0
image3144.png,148.0
image3145.png,149.0
image3146.png,152.0
image3147.png,149.0
image3148.png,142.0
image3149.png,146.0
image3150.png,148.0
image3151.png,144.0
image3152.png,141.0
image3153.png,142.0
image3154.png,141.0
image3155.png,147.0
image3156.png,146.0
image3157.png,143.0
image3158.png,154.0
image3159.png,148.0
image3160.png,154.0
image3161.png,152.0
image3162.png,152.0
image3163.png,148.0
image3164.png,152.0
image3165.png,142.0
image3166.png,152.0
image3167.png,145.0
image3168.png,148.0
image3169.png,148.0
image3170.png,148.0
image3171.png,151.0
image3172.png,144.0
image3173.png,151.0
image3174.png,148.0
image3175.png,152.0
image3176.png,142.0
image3177.png,143.0
image3178.png,152.0
image3179.png,152.0
image3180.png,150.0
image3181.png,152.0
image3182.png,152.0
image3183.png,152.0
image3184.png,150.0
image3185.png,152.0
image3186.png,154.0
image3187.png,154.0
image3188.png,150.0
image3189.png,150.0
image3190.png,154.0
image3191.png,150.0
image3192.png,152.0
image3193.png,151.0
image3194.png,152.0
image3195.png,153.0
image3196.png,150.0
image3197.png,152.0
image3198.png,152.0
image3199.png,146.0
image3200.png,141.0
image3201.png,143.0
image3202.png,148.0
image3203.png,143.0
image3204.png,141.0
image3205.png,147.0
image3206.png,147.0
image3207.png,147.0
image3208.png,148.0
image3209.png,149.0
image3210.png,147.0
image3211.png,148.0
image3212.png,143.0
image3213.png,143.0
image3214.png,148.0
image3215.png,148.0
image3216.png,144.0
image3217.png,146.0
image3218.png,152.0
image3219.png,148.0
image3220.png,142.0
image3221.png,141.0
image3222.png,137.0
image3223.png,141.0
image3224.png,142.0
image3225.png,137.0
image3226.png,138.0
image3227.png,141.0
image3228.png,136.0
image3229.png,137.0
image3230.png,141.0
image3231.png,137.0
image3232.png,138.0
image3233.png,136.0
image3234.png,137.0
image3235.png,146.0
image3236.png,142.0
image3237.png,144.0
image3238.png,142.0
image3239.png,143.0
image3240.png,140.0
image3241.png,152.0
image3242.png,143.0
image3243.png,152.0
image3244.png,150.0
image3245.png,147.0
image3246.png,156.0
image3247.png,152.0
image3248.png,151.0
image3249.png,152.0
image3250.png,143.0
image3251.png,150.0
image3252.png,152.0
image3253.png,147.0
image3254.png,146.0
image3255.png,144.0
image3256.png,150.0
image3257.png,146.0
image3258.png,148.0
image3259.png,149.0
image3260.png,149.0
image3261.png,149.0
image3262.png,146.0
image3263.png,148.0
image3264.png,148.0
image3265.png,150.0
image3266.png,146.0
image3267.png,148.0
image3268.png,148.0
image3269.png,146.0
image3270.png,148.0
image3271.png,148.0
image3272.png,150.0
image3273.png,151.0
image3274.png,146.0
image3275.png,143.0
image3276.png,148.0
image3277.png,145.0
image3278.png,145.0
image3279.png,143.0
image3280.png,143.0
image3281.png,143.0
image3282.png,150.0
image3283.png,152.0
image3284.png,159.0
image3285.png,152.0
image3286.png,142.0
image3287.png,149.0
image3288.png,152.0
image3289.png,150.0
image3290.png,152.0
image3291.png,151.0
image3292.png,150.0
image3293.png,147.0
image3294.png,152.0
image3295.png,147.0
image3296.png,149.0
image3297.png,147.0
image3298.png,143.0
image3299.png,144.0
image3300.png,139.0
image3301.png,150.0
image3302.png,142.0
image3303.png,145.0
image3304.png,144.0
image3305.png,142.0
image3306.png,145.0
image3307.png,144.0
image3308.png,144.0
image3309.png,148.0
image3310.png,146.0
image3311.png,150.0
image3312.png,138.0
image3313.png,141.0
image3314.png,143.0
image3315.png,142.0
image3316.png,150.0
image3317.png,148.0
image3318.png,147.0
image3319.png,158.0
image3320.png,150.0
image3321.png,154.0
image3322.png,148.0
image3323.png,148.0
image3324.png,148.0
image3325.png,143.0
image3326.png,141.0
image3327.png,138.0
image3328.png,146.0
image3329.png,148.0
image3330.png,143.0
image3331.png,146.0
image3332.png,152.0
image3333.png,150.0
image3334.png,150.0
image3335.png,147.0
image3336.png,146.0
image3337.png,143.0
image3338.png,143.0
image3339.png,143.0
image3340.png,146.0
image3341.png,152.0
image3342.png,144.0
image3343.png,141.0
image3344.png,135.0
image3345.png,141.0
image3346.png,138.0
image3347.png,136.0
image3348.png,137.0
image3349.png,142.0
image3350.png,147.0
image3351.png,142.0
image3352.png,139.0
image3353.png,137.0
image3354.png,140.0
image3355.png,141.0
image3356.png,141.0
image3357.png,143.0
image3358.png,142.0
image3359.png,142.0
image3360.png,142.0
image3361.png,152.0
image3362.png,151.0
image3363.png,150.0
image3364.png,154.0
image3365.png,152.0
image3366.png,154.0
image3367.png,158.0
image3368.png,154.0
image3369.png,154.0
image3370.png,156.0
image3371.png,154.0
image3372.png,156.0
image3373.png,154.0
image3374.png,156.0
image3375.png,154.0
image3376.png,154.0
image3377.png,158.0
image3378.png,154.0
image3379.png,154.0
image3380.png,156.0
image3381.png,154.0
image3382.png,148.0
image3383.png,152.0
image3384.png,154.0
image3385.png,155.0
image3386.png,154.0
image3387.png,151.0
image3388.png,154.0
image3389.png,151.0
image3390.png,154.0
image3391.png,154.0
image3392.png,154.0
image3393.png,152.0
image3394.png,152.0
image3395.png,153.0
image3396.png,154.0
image3397.png,148.0
image3398.png,147.0
image3399.png,150.0
image3400.png,150.0
image3401.png,148.0
image3402.png,148.0
image3403.png,149.0
image3404.png,149.0
image3405.png,148.0
image3406.png,152.0
image3407.png,149.0
image3408.png,148.0
image3409.png,154.0
image3410.png,154.0
image3411.png,135.0
image3412.png,133.0
image3413.png,138.0
image3414.png,136.0
image3415.png,135.0
image3416.png,137.0
image3417.png,141.0
image3418.png,136.0
image3419.png,144.0
image3420.png,140.0
image3421.png,137.0
image3422.png,141.0
image3423.png,138.0
image3424.png,141.0
image3425.png,142.0
image3426.png,141.0
image3427.png,142.0
image3428.png,136.0
image3429.png,143.0
image3430.png,145.0
image3431.png,146.0
image3432.png,148.0
image3433.png,150.0
image3434.png,148.0
image3435.png,147.0
image3436.png,148.0
image3437.png,147.0
image3438.png,142.0
image3439.png,142.0
image3440.png,142.0
image3441.png,143.0
image3442.png,137.0
image3443.png,142.0
image3444.png,137.0
image3445.png,141.0
image3446.png,135.0
image3447.png,143.0
image3448.png,144.0
image3449.png,142.0
image3450.png,142.0
image3451.png,144.0
image3452.png,144.0
image3453.png,146.0
image3454.png,152.0
image3455.png,152.0
image3456.png,143.0
image3457.png,146.0
image3458.png,145.0
image3459.png,147.0
image3460.png,148.0
image3461.png,148.0
image3462.png,148.0
image3463.png,146.0
image3464.png,146.0
image3465.png,146.0
image3466.png,146.0
image3467.png,144.0
image3468.png,145.0
image3469.png,146.0
image3470.png,148.0
image3471.png,150.0
image3472.png,146.0
image3473.png,143.0
image3474.png,127.0
image3475.png,127.0
image3476.png,125.0
image3477.png,133.0
image3478.png,130.0
image3479.png,130.0
image3480.png,130.0
image3481.png,129.0
image3482.png,129.0
image3483.png,132.0
image3484.png,132.0
image3485.png,132.0
image3486.png,133.0
image3487.png,131.0
image3488.png,130.0
image3489.png,133.0
image3490.png,131.0
image3491.png,131.0
image3492.png,126.0
image3493.png,126.0
image3494.png,126.0
image3495.png,133.0
image3496.png,133.0
image3497.png,133.0
image3498.png,129.0
image3499.png,128.0
image3500.png,128.0
image3501.png,130.0
image3502.png,127.0
image3503.png,127.0
image3504.png,136.0
image3505.png,136.0
image3506.png,136.0
image3507.png,132.0
image3508.png,130.0
image3509.png,129.0
image3510.png,129.0
image3511.png,127.0
image3512.png,128.0
image3513.png,128.0
image3514.png,125.0
image3515.png,128.0
image3516.png,134.0
image3517.png,128.0
image3518.png,128.0
image3519.png,128.0
image3520.png,129.0
image3521.png,129.0
image3522.png,130.0
image3523.png,130.0
image3524.png,129.0
image3525.png,130.0
image3526.png,130.0
image3527.png,127.0
image3528.png,127.0
image3529.png,128.0
image3530.png,127.0
image3531.png,128.0
image3532.png,127.0
image3533.png,122.0
image3534.png,126.0
image3535.png,126.0
image3536.png,122.0
image3537.png,132.0
image3538.png,132.0
image3539.png,134.0
image3540.png,132.0
image3541.png,130.0
image3542.png,132.0
image3543.png,132.0
image3544.png,131.0
image3545.png,128.0
image3546.png,130.0
image3547.png,129.0
image3548.png,128.0
image3549.png,132.0
image3550.png,127.0
image3551.png,128.0
image3552.png,134.0
image3553.png,134.0
image3554.png,134.0
image3555.png,138.0
image3556.png,136.0
image3557.png,136.0
image3558.png,136.0
image3559.png,134.0
image3560.png,131.0
image3561.png,132.0
image3562.png,136.0
image3563.png,140.0
image3564.png,142.0
image3565.png,136.0
image3566.png,136.0
image3567.png,134.0
image3568.png,134.0
image3569.png,132.0
image3570.png,133.0
image3571.png,130.0
image3572.png,132.0
image3573.png,142.0
image3574.png,138.0
image3575.png,140.0
image3576.png,136.0
image3577.png,138.0
image3578.png,137.0
image3579.png,138.0
image3580.png,136.0
image3581.png,136.0
image3582.png,136.0
image3583.png,136.0
image3584.png,136.0
image3585.png,138.0
image3586.png,138.0
image3587.png,136.0
image3588.png,138.0
image3589.png,138.0
image3590.png,136.0
image3591.png,136.0
image3592.png,136.0
image3593.png,136.0
image3594.png,132.0
image3595.png,132.0
image3596.png,130.0
image3597.png,130.0
image3598.png,130.0
image3599.png,128.0
image3600.png,136.0
image3601.png,134.0
image3602.png,136.0
image3603.png,135.0
image3604.png,133.0
image3605.png,135.0
image3606.png,131.0
image3607.png,133.0
image3608.png,133.0
image3609.png,136.0
image3610.png,134.0
image3611.png,134.0
image3612.png,134.0
image3613.png,134.0
image3614.png,136.0
image3615.png,127.0
image3616.png,128.0
image3617.png,127.0
image3618.png,126.0
image3619.png,125.0
image3620.png,125.0
image3621.png,129.0
image3622.png,127.0
image3623.png,130.0
image3624.png,127.0
image3625.png,121.0
image3626.png,123.0
image3627.png,130.0
image3628.png,126.0
image3629.png,123.0
image3630.png,128.0
image3631.png,128.0
image3632.png,130.0
image3633.png,130.0
image3634.png,130.0
image3635.png,129.0
image3636.png,136.0
image3637.png,136.0
image3638.png,136.0
image3639.png,133.0
image3640.png,136.0
image3641.png,136.0
image3642.png,136.0
image3643.png,138.0
image3644.png,136.0
image3645.png,135.0
image3646.png,136.0
image3647.png,133.0
image3648.png,132.0
image3649.png,132.0
image3650.png,130.0
image3651.png,136.0
image3652.png,135.0
image3653.png,130.0
image3654.png,132.0
image3655.png,133.0
image3656.png,134.0
image3657.png,134.0
image3658.png,132.0
image3659.png,132.0
image3660.png,136.0
image3661.png,133.0
image3662.png,132.0
image3663.png,136.0
image3664.png,136.0
image3665.png,134.0
image3666.png,134.0
image3667.png,132.0
image3668.png,136.0
image3669.png,136.0
image3670.png,130.0
image3671.png,127.0
image3672.png,132.0
image3673.png,132.0
image3674.png,130.0
image3675.png,136.0
image3676.png,134.0
image3677.png,132.0
image3678.png,141.0
image3679.png,136.0
image3680.png,138.0
image3681.png,135.0
image3682.png,134.0
image3683.png,135.0
image3684.png,136.0
image3685.png,134.0
image3686.png,135.0
image3687.png,134.0
image3688.png,135.0
image3689.png,135.0
image3690.png,135.0
image3691.png,136.0
image3692.png,136.0
image3693.png,129.0
image3694.png,136.0
image3695.png,129.0
image3696.png,128.0
image3697.png,132.0
image3698.png,130.0
image3699.png,132.0
image3700.png,134.0
image3701.png,135.0
image3702.png,132.0
image3703.png,136.0
image3704.png,132.0
image3705.png,133.0
image3706.png,134.0
image3707.png,136.0
image3708.png,127.0
image3709.png,128.0
image3710.png,128.0
image3711.png,136.0
image3712.png,133.0
image3713.png,136.0
image3714.png,140.0
image3715.png,141.0
image3716.png,140.0
image3717.png,136.0
image3718.png,136.0
image3719.png,136.0
image3720.png,127.0
image3721.png,127.0
image3722.png,128.0
image3723.png,136.0
image3724.png,135.0
image3725.png,136.0
image3726.png,134.0
image3727.png,136.0
image3728.png,132.0
image3729.png,133.0
image3730.png,134.0
image3731.png,132.0
image3732.png,133.0
image3733.png,130.0
image3734.png,132.0
image3735.png,132.0
image3736.png,134.0
image3737.png,129.0
image3738.png,125.0
image3739.png,122.0
image3740.png,127.0
image3741.png,127.0
image3742.png,123.0
image3743.png,121.0
image3744.png,121.0
image3745.png,121.0
image3746.png,131.0
image3747.png,128.0
image3748.png,127.0
image3749.png,127.0
image3750.png,129.0
image3751.png,127.0
image3752.png,127.0
image3753.png,130.0
image3754.png,127.0
image3755.png,127.0
image3756.png,136.0
image3757.png,134.0
image3758.png,136.0
image3759.png,138.0
image3760.png,138.0
image3761.png,137.0
image3762.png,140.0
image3763.png,140.0
image3764.png,139.0
image3765.png,138.0
image3766.png,136.0
image3767.png,139.0
image3768.png,139.0
image3769.png,141.0
image3770.png,141.0
image3771.png,138.0
image3772.png,140.0
image3773.png,140.0
image3774.png,138.0
image3775.png,140.0
image3776.png,144.0
image3777.png,140.0
image3778.png,138.0
image3779.png,136.0
image3780.png,138.0
image3781.png,136.0
image3782.png,136.0
image3783.png,138.0
image3784.png,136.0
image3785.png,136.0
image3786.png,134.0
image3787.png,135.0
image3788.png,134.0
image3789.png,140.0
image3790.png,140.0
image3791.png,141.0
image3792.png,134.0
image3793.png,132.0
image3794.png,133.0
image3795.png,130.0
image3796.png,133.0
image3797.png,129.0
image3798.png,136.0
image3799.png,136.0
image3800.png,136.0
image3801.png,136.0
image3802.png,136.0
image3803.png,130.0
image3804.png,144.0
image3805.png,142.0
image3806.png,140.0
image3807.png,127.0
image3808.png,127.0
image3809.png,127.0
image3810.png,128.0
image3811.png,127.0
image3812.png,125.0
image3813.png,130.0
image3814.png,128.0
image3815.png,128.0
image3816.png,123.0
image3817.png,124.0
image3818.png,127.0
image3819.png,128.0
image3820.png,129.0
image3821.png,126.0
image3822.png,121.0
image3823.png,121.0
image3824.png,121.0
image3825.png,132.0
image3826.png,135.0
image3827.png,132.0
image3828.png,133.0
image3829.png,132.0
image3830.png,132.0
image3831.png,134.0
image3832.png,132.0
image3833.png,132.0
image3834.png,129.0
image3835.png,128.0
image3836.png,128.0
image3837.png,128.0
image3838.png,128.0
image3839.png,125.0
image3840.png,125.0
image3841.png,126.0
image3842.png,123.0
image3843.png,130.0
image3844.png,127.0
image3845.png,130.0
image3846.png,128.0
image3847.png,128.0
image3848.png,126.0
image3849.png,136.0
image3850.png,134.0
image3851.png,134.0
image3852.png,130.0
image3853.png,134.0
image3854.png,135.0
image3855.png,132.0
image3856.png,131.0
image3857.png,131.0
image3858.png,135.0
image3859.png,132.0
image3860.png,132.0
image3861.png,131.0
image3862.png,133.0
image3863.png,130.0
image3864.png,136.0
image3865.png,135.0
image3866.png,134.0
image3867.png,136.0
image3868.png,133.0
image3869.png,135.0
image3870.png,78.0
image3871.png,78.0
image3872.png,78.0
image3873.png,78.0
image3874.png,78.0
image3875.png,81.0
image3876.png,83.0
image3877.png,78.0
image3878.png,81.0
image3879.png,84.0
image3880.png,83.0
image3881.png,83.0
image3882.png,81.0
image3883.png,83.0
image3884.png,78.0
image3885.png,78.0
image3886.png,81.0
image3887.png,78.0
image3888.png,77.0
image3889.png,74.0
image3890.png,78.0
image3891.png,85.0
image3892.png,85.0
image3893.png,84.0
image3894.png,76.0
image3895.png,77.0
image3896.png,76.0
image3897.png,72.0
image3898.png,72.0
image3899.png,76.0
image3900.png,87.0
image3901.png,86.0
image3902.png,86.0
image3903.png,78.0
image3904.png,78.0
image3905.png,77.0
image3906.png,78.0
image3907.png,76.0
image3908.png,76.0
image3909.png,76.0
image3910.png,76.0
image3911.png,76.0
image3912.png,75.0
image3913.png,78.0
image3914.png,76.0
image3915.png,81.0
image3916.png,83.0
image3917.png,76.0
image3918.png,84.0
image3919.png,81.0
image3920.png,86.0
image3921.png,81.0
image3922.png,78.0
image3923.png,76.0
image3924.png,77.0
image3925.png,78.0
image3926.png,75.0
image3927.png,75.0
image3928.png,76.0
image3929.png,78.0
image3930.png,73.0
image3931.png,74.0
image3932.png,78.0
image3933.png,78.0
image3934.png,78.0
image3935.png,81.0
image3936.png,78.0
image3937.png,76.0
image3938.png,78.0
image3939.png,76.0
image3940.png,78.0
image3941.png,76.0
image3942.png,78.0
image3943.png,76.0
image3944.png,78.0
image3945.png,78.0
image3946.png,78.0
image3947.png,83.0
image3948.png,83.0
image3949.png,81.0
image3950.png,86.0
image3951.png,89.0
image3952.png,89.0
image3953.png,83.0
image3954.png,81.0
image3955.png,83.0
image3956.png,78.0
image3957.png,84.0
image3958.png,83.0
image3959.png,86.0
image3960.png,87.0
image3961.png,78.0
image3962.png,83.0
image3963.png,81.0
image3964.png,78.0
image3965.png,80.0
image3966.png,81.0
image3967.png,81.0
image3968.png,87.0
image3969.png,88.0
image3970.png,87.0
image3971.png,89.0
image3972.png,87.0
image3973.png,87.0
image3974.png,84.0
image3975.png,86.0
image3976.png,87.0
image3977.png,87.0
image3978.png,86.0
image3979.png,87.0
image3980.png,87.0
image3981.png,83.0
image3982.png,87.0
image3983.png,87.0
image3984.png,86.0
image3985.png,89.0
image3986.png,86.0
image3987.png,87.0
image3988.png,86.0
image3989.png,81.0
image3990.png,83.0
image3991.png,80.0
image3992.png,86.0
image3993.png,78.0
image3994.png,76.0
image3995.png,86.0
image3996.png,74.0
image3997.png,86.0
image3998.png,81.0
image3999.png,82.0
image4000.png,83.0
image4001.png,78.0
image4002.png,78.0
image4003.png,81.0
image4004.png,81.0
image4005.png,83.0
image4006.png,78.0
image4007.png,78.0
image4008.png,81.0
image4009.png,83.0
image4010.png,77.0
image4011.png,78.0
image4012.png,81.0
image4013.png,78.0
image4014.png,76.0
image4015.png,76.0
image4016.png,81.0
image4017.png,83.0
image4018.png,78.0
image4019.png,82.0
image4020.png,76.0
image4021.png,78.0
image4022.png,76.0
image4023.png,72.0
image4024.png,73.0
image4025.png,76.0
image4026.png,78.0
image4027.png,74.0
image4028.png,76.0
image4029.png,74.0
image4030.png,76.0
image4031.png,87.0
image4032.png,83.0
image4033.png,81.0
image4034.png,83.0
image4035.png,83.0
image4036.png,81.0
image4037.png,83.0
image4038.png,86.0
image4039.png,88.0
image4040.png,87.0
image4041.png,87.0
image4042.png,83.0
image4043.png,83.0
image4044.png,83.0
image4045.png,86.0
image4046.png,88.0
image4047.png,89.0
image4048.png,85.0
image4049.png,87.0
image4050.png,86.0
image4051.png,87.0
image4052.png,76.0
image4053.png,78.0
image4054.png,76.0
image4055.png,83.0
image4056.png,78.0
image4057.png,76.0
image4058.png,83.0
image4059.png,81.0
image4060.png,83.0
image4061.png,78.0
image4062.png,83.0
image4063.png,79.0
image4064.png,78.0
image4065.png,82.0
image4066.png,76.0
image4067.png,78.0
image4068.png,81.0
image4069.png,78.0
image4070.png,83.0
image4071.png,83.0
image4072.png,89.0
image4073.png,89.0
image4074.png,84.0
image4075.png,82.0
image4076.png,81.0
image4077.png,81.0
image4078.png,82.0
image4079.png,88.0
image4080.png,87.0
image4081.png,86.0
image4082.png,86.0
image4083.png,86.0
image4084.png,86.0
image4085.png,86.0
image4086.png,83.0
image4087.png,81.0
image4088.png,81.0
image4089.png,78.0
image4090.png,78.0
image4091.png,78.0
image4092.png,76.0
image4093.png,76.0
image4094.png,84.0
image4095.png,81.0
image4096.png,82.0
image4097.png,80.0
image4098.png,79.0
image4099.png,80.0
image4100.png,79.0
image4101.png,83.0
image4102.png,78.0
image4103.png,78.0
image4104.png,78.0
image4105.png,76.0
image4106.png,83.0
image4107.png,83.0
image4108.png,83.0
image4109.png,91.0
image4110.png,87.0
image4111.png,91.0
image4112.png,87.0
image4113.png,78.0
image4114.png,87.0
image4115.png,81.0
image4116.png,78.0
image4117.png,78.0
image4118.png,90.0
image4119.png,86.0
image4120.png,81.0
image4121.png,82.0
image4122.png,78.0
image4123.png,76.0
image4124.png,76.0
image4125.png,81.0
image4126.png,78.0
image4127.png,83.0
image4128.png,81.0
image4129.png,81.0
image4130.png,83.0
image4131.png,87.0
image4132.png,83.0
image4133.png,74.0
image4134.png,73.0
image4135.png,78.0
image4136.png,74.0
image4137.png,72.0
image4138.png,78.0
image4139.png,78.0
image4140.png,78.0
image4141.png,76.0
image4142.png,77.0
image4143.png,73.0
image4144.png,72.0
image4145.png,73.0
image4146.png,76.0
image4147.png,76.0
image4148.png,74.0
image4149.png,77.0
image4150.png,76.0
image4151.png,85.0
image4152.png,83.0
image4153.png,83.0
image4154.png,83.0
image4155.png,86.0
image4156.png,87.0
image4157.png,86.0
image4158.png,87.0
image4159.png,86.0
image4160.png,86.0
image4161.png,87.0
image4162.png,86.0
image4163.png,87.0
image4164.png,89.0
image4165.png,83.0
image4166.png,89.0
image4167.png,87.0
image4168.png,89.0
image4169.png,91.0
image4170.png,87.0
image4171.png,87.0
image4172.png,86.0
image4173.png,87.0
image4174.png,86.0
image4175.png,87.0
image4176.png,84.0
image4177.png,85.0
image4178.png,81.0
image4179.png,86.0
image4180.png,84.0
image4181.png,83.0
image4182.png,86.0
image4183.png,93.0
image4184.png,87.0
image4185.png,86.0
image4186.png,87.0
image4187.png,79.0
image4188.png,76.0
image4189.png,78.0
image4190.png,82.0
image4191.png,87.0
image4192.png,87.0
image4193.png,94.0
image4194.png,87.0
image4195.png,86.0
image4196.png,80.0
image4197.png,94.0
image4198.png,92.0
image4199.png,89.0
image4200.png,78.0
image4201.png,78.0
image4202.png,79.0
image4203.png,76.0
image4204.png,78.0
image4205.png,78.0
image4206.png,83.0
image4207.png,81.0
image4208.png,81.0
image4209.png,83.0
image4210.png,78.0
image4211.png,82.0
image4212.png,81.0
image4213.png,80.0
image4214.png,78.0
image4215.png,76.0
image4216.png,78.0
image4217.png,76.0
image4218.png,78.0
image4219.png,81.0
image4220.png,78.0
image4221.png,76.0
image4222.png,78.0
image4223.png,76.0
image4224.png,83.0
image4225.png,86.0
image4226.png,80.0
image4227.png,76.0
image4228.png,83.0
image4229.png,83.0
image4230.png,78.0
image4231.png,81.0
image4232.png,83.0
image4233.png,74.0
image4234.png,76.0
image4235.png,74.0
image4236.png,78.0
image4237.png,76.0
image4238.png,76.0
image4239.png,76.0
image4240.png,73.0
image4241.png,74.0
image4242.png,86.0
image4243.png,83.0
image4244.png,83.0
image4245.png,84.0
image4246.png,83.0
image4247.png,82.0
image4248.png,87.0
image4249.png,83.0
image4250.png,78.0
image4251.png,81.0
image4252.png,83.0
image4253.png,81.0
image4254.png,83.0
image4255.png,78.0
image4256.png,83.0
image4257.png,86.0
image4258.png,86.0
image4259.png,83.0
image4260.png,87.0
image4261.png,84.0
image4262.png,84.0
