image1834.png,126.0
image1835.png,127.0
image1836.png,127.0
image1837.png,127.0
image1838.png,129.0
image1839.png,127.0
image1840.png,128.0
image1841.png,128.0
image1842.png,128.0
image1843.png,131.0
image1844.png,130.0
image1845.png,127.0
image1846.png,130.0
image1847.png,128.0
image1848.png,128.0
image1849.png,128.0
image1850.png,126.0
image1851.png,130.0
image1852.png,128.0
image1853.png,129.0
image1854.png,129.0
image1855.png,130.0
image1856.png,130.0
image1857.png,132.0
image1858.png,128.0
image1859.png,128.0
image1860.png,128.0
image1861.png,124.0
image1862.png,130.0
image1863.png,130.0
image1864.png,132.0
image1865.png,127.0
image1866.png,128.0
image1867.png,127.0
image1868.png,129.0
image1869.png,125.0
image1870.png,127.0
image1871.png,125.0
image1872.png,132.0
image1873.png,130.0
image1874.png,129.0
image1875.png,129.0
image1876.png,132.0
image1877.png,130.0
image1878.png,126.0
image1879.png,128.0
image1880.png,124.0
image1881.png,130.0
image1882.png,132.0
image1883.png,132.0
image1884.png,132.0
image1885.png,131.0
image1886.png,132.0
image1887.png,132.0
image1888.png,132.0
image1889.png,133.0
image1890.png,129.0
image1891.png,131.0
image1892.png,132.0
image1893.png,126.0
image1894.png,124.0
image1895.png,124.0
image1896.png,130.0
image1897.png,130.0
image1898.png,130.0
image1899.png,134.0
image1900.png,132.0
image1901.png,130.0
image1902.png,136.0
image1903.png,127.0
image1904.png,130.0
image1905.png,127.0
image1906.png,130.0
image1907.png,128.0
image1908.png,128.0
image1909.png,129.0
image1910.png,127.0
image1911.png,126.0
image1912.png,126.0
image1913.png,124.0
image1914.png,127.0
image1915.png,127.0
image1916.png,126.0
image1917.png,127.0
image1918.png,127.0
image1919.png,126.0
image1920.png,125.0
image1921.png,130.0
image1922.png,128.0
image1923.png,128.0
image1924.png,134.0
image1925.png,128.0
image1926.png,130.0
image1927.png,132.0
image1928.png,132.0
image1929.png,132.0
image1930.png,132.0
image1931.png,132.0
image1932.png,130.0
image1933.png,132.0
image1934.png,132.0
image1935.png,130.0
image1936.png,128.0
image1937.png,129.0
image1938.png,129.0
image1939.png,132.0
image1940.png,132.0
image1941.png,130.0
image1942.png,128.0
image1943.png,123.0
image1944.png,127.0
image1945.png,126.0
image1946.png,127.0
image1947.png,129.0
image1948.png,128.0
image1949.png,130.0
image1950.png,128.0
image1951.png,128.0
image1952.png,130.0
image1953.png,130.0
image1954.png,128.0
image1955.png,130.0
image1956.png,132.0
image1957.png,132.0
image1958.png,132.0
image1959.png,127.0
image1960.png,127.0
image1961.png,127.0
image1962.png,127.0
image1963.png,128.0
image1964.png,129.0
image1965.png,135.0
image1966.png,127.0
image1967.png,126.0
image1968.png,127.0
image1969.png,127.0
image1970.png,126.0
image1971.png,131.0
image1972.png,130.0
image1973.png,133.0
image1974.png,132.0
image1975.png,126.0
image1976.png,124.0
image1977.png,128.0
image1978.png,127.0
image1979.png,123.0
image1980.png,117.0
image1981.png,121.0
image1982.png,127.0
image1983.png,128.0
image1984.png,128.0
image1985.png,130.0
image1986.png,124.0
image1987.png,123.0
image1988.png,125.0
image1989.png,127.0
image1990.png,130.0
image1991.png,128.0
image1992.png,127.0
image1993.png,130.0
image1994.png,127.0
image1995.png,128.0
image1996.png,128.0
image1997.png,127.0
image1998.png,136.0
image1999.png,145.0
image2000.png,133.0
image2001.png,129.0
image2002.png,132.0
image2003.png,128.0
image2004.png,128.0
image2005.png,134.0
image2006.png,136.0
image2007.png,138.0
image2008.png,136.0
image2009.png,136.0
image2010.png,136.0
image2011.png,136.0
image2012.png,136.0
image2013.png,136.0
image2014.png,137.0
image2015.png,135.0
image2016.png,136.0
image2017.png,138.0
image2018.png,136.0
image2019.png,136.0
image2020.png,136.0
image2021.png,134.0
image2022.png,136.0
image2023.png,140.0
image2024.png,136.0
image2025.png,136.0
image2026.png,138.0
image2027.png,135.0
image2028.png,137.0
image2029.png,132.0
image2030.png,135.0
image2031.png,136.0
image2032.png,132.0
image2033.png,136.0
image2034.png,137.0
image2035.png,136.0
image2036.png,136.0
image2037.png,137.0
image2038.png,133.0
image2039.png,136.0
image2040.png,136.0
image2041.png,134.0
image2042.png,133.0
image2043.png,137.0
image2044.png,135.0
image2045.png,130.0
image2046.png,129.0
image2047.png,129.0
image2048.png,132.0
image2049.png,131.0
image2050.png,132.0
image2051.png,130.0
image2052.png,134.0
image2053.png,132.0
image2054.png,136.0
image2055.png,133.0
image2056.png,135.0
image2057.png,130.0
image2058.png,132.0
image2059.png,126.0
image2060.png,127.0
image2061.png,128.0
image2062.png,130.0
image2063.png,131.0
image2064.png,130.0
image2065.png,128.0
image2066.png,128.0
image2067.png,132.0
image2068.png,127.0
image2069.png,128.0
image2070.png,128.0
image2071.png,130.0
image2072.png,132.0
image2073.png,132.0
image2074.png,132.0
image2075.png,133.0
image2076.png,134.0
image2077.png,136.0
image2078.png,130.0
image2079.png,132.0
image2080.png,132.0
image2081.png,132.0
image2082.png,132.0
image2083.png,132.0
image2084.png,132.0
image2085.png,132.0
image2086.png,132.0
image2087.png,139.0
image2088.png,127.0
image2089.png,126.0
image2090.png,126.0
image2091.png,125.0
image2092.png,126.0
image2093.png,125.0
image2094.png,127.0
image2095.png,127.0
image2096.png,125.0
image2097.png,126.0
image2098.png,126.0
image2099.png,127.0
image2100.png,122.0
image2101.png,123.0
image2102.png,122.0
image2103.png,127.0
image2104.png,130.0
image2105.png,132.0
image2106.png,130.0
image2107.png,130.0
image2108.png,127.0
image2109.png,123.0
image2110.png,123.0
image2111.png,127.0
image2112.png,128.0
image2113.png,127.0
image2114.png,124.0
image2115.png,127.0
image2116.png,128.0
image2117.png,130.0
image2118.png,128.0
image2119.png,130.0
image2120.png,128.0
image2121.png,130.0
image2122.png,131.0
image2123.png,132.0
image2124.png,135.0
image2125.png,134.0
image2126.png,140.0
image2127.png,135.0
image2128.png,136.0
image2129.png,136.0
image2130.png,134.0
image2131.png,135.0
image2132.png,136.0
image2133.png,134.0
image2134.png,130.0
image2135.png,132.0
image2136.png,135.0
image2137.png,134.0
image2138.png,132.0
image2139.png,136.0
image2140.png,133.0
image2141.png,135.0
image2142.png,132.0
image2143.png,134.0
image2144.png,132.0
image2145.png,132.0
image2146.png,135.0
image2147.png,132.0
image2148.png,134.0
image2149.png,135.0
image2150.png,140.0
image2151.png,132.0
image2152.png,132.0
image2153.png,137.0
image2154.png,128.0
image2155.png,131.0
image2156.png,136.0
image2157.png,134.0
image2158.png,136.0
image2159.png,135.0
image2160.png,132.0
image2161.png,135.0
image2162.png,151.0
image2163.png,144.0
image2164.png,133.0
image2165.png,131.0
image2166.png,135.0
image2167.png,132.0
image2168.png,132.0
image2169.png,134.0
image2170.png,132.0
image2171.png,130.0
image2172.png,132.0
image2173.png,131.0
image2174.png,134.0
image2175.png,132.0
image2176.png,132.0
image2177.png,132.0
image2178.png,132.0
image2179.png,132.0
image2180.png,134.0
image2181.png,130.0
image2182.png,132.0
image2183.png,130.0
image2184.png,132.0
image2185.png,132.0
image2186.png,131.0
image2187.png,134.0
image2188.png,136.0
image2189.png,134.0
image2190.png,134.0
image2191.png,130.0
image2192.png,130.0
image2193.png,130.0
image2194.png,130.0
image2195.png,139.0
image2196.png,135.0
image2197.png,133.0
image2198.png,134.0
image2199.png,133.0
image2200.png,140.0
image2201.png,136.0
image2202.png,140.0
image2203.png,130.0
image2204.png,132.0
image2205.png,132.0
image2206.png,134.0
image2207.png,132.0
image2208.png,130.0
image2209.png,130.0
image2210.png,132.0
image2211.png,138.0
image2212.png,147.0
image2213.png,147.0
image2214.png,137.0
image2215.png,132.0
image2216.png,131.0
image2217.png,132.0
image2218.png,135.0
image2219.png,140.0
image2220.png,137.0
image2221.png,148.0
image2222.png,139.0
image2223.png,127.0
image2224.png,126.0
image2225.png,128.0
image2226.png,130.0
image2227.png,130.0
image2228.png,128.0
image2229.png,127.0
image2230.png,128.0
image2231.png,137.0
image2232.png,134.0
image2233.png,134.0
image2234.png,135.0
image2235.png,132.0
image2236.png,132.0
image2237.png,128.0
image2238.png,129.0
image2239.png,128.0
image2240.png,128.0
image2241.png,124.0
image2242.png,131.0
image2243.png,136.0
image2244.png,132.0
image2245.png,132.0
image2246.png,129.0
image2247.png,128.0
image2248.png,132.0
image2249.png,130.0
image2250.png,132.0
image2251.png,130.0
image2252.png,128.0
image2253.png,131.0
image2254.png,132.0
image2255.png,138.0
image2256.png,133.0
image2257.png,135.0
image2258.png,132.0
image2259.png,132.0
image2260.png,131.0
image2261.png,134.0
image2262.png,134.0
image2263.png,134.0
image2264.png,134.0
image2265.png,130.0
image2266.png,129.0
image2267.png,130.0
image2268.png,132.0
image2269.png,128.0
image2270.png,132.0
image2271.png,132.0
image2272.png,128.0
image2273.png,129.0
image2274.png,130.0
image2275.png,128.0
image2276.png,130.0
image2277.png,131.0
image2278.png,129.0
image2279.png,135.0
image2280.png,134.0
image2281.png,129.0
image2282.png,130.0
image2283.png,134.0
image2284.png,128.0
image2285.png,131.0
image2286.png,134.0
image2287.png,130.0
image2288.png,130.0
image2289.png,131.0
image2290.png,130.0
image2291.png,130.0
image2292.png,125.0
image2293.png,122.0
image2294.png,124.0
image2295.png,123.0
image2296.png,125.0
image2297.png,124.0
image2298.png,125.0
image2299.png,127.0
image2300.png,126.0
image2301.png,128.0
image2302.png,127.0
image2303.png,129.0
image2304.png,127.0
image2305.png,132.0
image2306.png,126.0
image2307.png,127.0
image2308.png,125.0
image2309.png,128.0
image2310.png,125.0
image2311.png,124.0
image2312.png,142.0
image2313.png,143.0
image2314.png,140.0
image2315.png,138.0
image2316.png,145.0
image2317.png,128.0
image2318.png,138.0
image2319.png,140.0
image2320.png,140.0
image2321.png,140.0
image2322.png,132.0
image2323.png,132.0
image2324.png,131.0
image2325.png,131.0
image2326.png,131.0
image2327.png,134.0
image2328.png,130.0
image2329.png,130.0
image2330.png,136.0
image2331.png,134.0
image2332.png,136.0
image2333.png,138.0
image2334.png,143.0
image2335.png,140.0
image2336.png,127.0
image2337.png,139.0
image2338.png,128.0
image2339.png,125.0
image2340.png,125.0
image2341.png,125.0
image2342.png,126.0
image2343.png,125.0
image2344.png,126.0
image2345.png,124.0
image2346.png,124.0
image2347.png,125.0
image2348.png,125.0
image2349.png,123.0
image2350.png,134.0
image2351.png,148.0
image2352.png,136.0
image2353.png,138.0
image2354.png,132.0
image2355.png,128.0
image2356.png,137.0
image2357.png,128.0
image2358.png,125.0
image2359.png,125.0
image2360.png,123.0
image2361.png,124.0
image2362.png,133.0
image2363.png,132.0
image2364.png,132.0
image2365.png,130.0
image2366.png,128.0
image2367.png,128.0
image2368.png,125.0
image2369.png,127.0
image2370.png,126.0
image2371.png,127.0
image2372.png,124.0
image2373.png,124.0
image2374.png,125.0
image2375.png,130.0
image2376.png,130.0
image2377.png,128.0
image2378.png,129.0
image2379.png,130.0
image2380.png,129.0
image2381.png,127.0
image2382.png,128.0
image2383.png,128.0
image2384.png,127.0
image2385.png,128.0
image2386.png,132.0
image2387.png,132.0
image2388.png,131.0
image2389.png,125.0
image2390.png,132.0
image2391.png,135.0
image2392.png,133.0
image2393.png,132.0
image2394.png,132.0
image2395.png,128.0
image2396.png,129.0
image2397.png,134.0
image2398.png,132.0
image2399.png,130.0
image2400.png,130.0
image2401.png,130.0
image2402.png,130.0
image2403.png,129.0
image2404.png,131.0
image2405.png,134.0
image2406.png,132.0
image2407.png,132.0
image2408.png,132.0
image2409.png,134.0
image2410.png,132.0
image2411.png,134.0
image2412.png,130.0
image2413.png,135.0
image2414.png,132.0
image2415.png,132.0
image2416.png,132.0
image2417.png,134.0
image2418.png,128.0
image2419.png,131.0
image2420.png,134.0
image2421.png,131.0
image2422.png,134.0
image2423.png,132.0
image2424.png,136.0
image2425.png,131.0
image2426.png,132.0
image2427.png,132.0
image2428.png,132.0
image2429.png,133.0
image2430.png,131.0
image2431.png,132.0
image2432.png,128.0
image2433.png,134.0
image2434.png,134.0
image2435.png,131.0
image2436.png,132.0
image2437.png,132.0
image2438.png,132.0
image2439.png,134.0
image2440.png,130.0
image2441.png,136.0
image2442.png,134.0
image2443.png,134.0
image2444.png,133.0
image2445.png,133.0
image2446.png,133.0
image2447.png,135.0
image2448.png,131.0
image2449.png,133.0
image2450.png,130.0
image2451.png,133.0
image2452.png,136.0
image2453.png,132.0
image2454.png,132.0
image2455.png,134.0
image2456.png,132.0
image2457.png,79.0
image2458.png,82.0
image2459.png,85.0
image2460.png,84.0
image2461.png,83.0
image2462.png,83.0
image2463.png,82.0
image2464.png,82.0
image2465.png,85.0
image2466.png,82.0
image2467.png,85.0
image2468.png,84.0
image2469.png,80.0
image2470.png,83.0
image2471.png,83.0
image2472.png,83.0
image2473.png,83.0
image2474.png,84.0
image2475.png,81.0
image2476.png,84.0
image2477.png,83.0
image2478.png,83.0
image2479.png,87.0
image2480.png,85.0
image2481.png,81.0
image2482.png,83.0
image2483.png,83.0
image2484.png,82.0
image2485.png,81.0
image2486.png,86.0
image2487.png,87.0
image2488.png,82.0
image2489.png,81.0
image2490.png,83.0
image2491.png,82.0
image2492.png,83.0
image2493.png,83.0
image2494.png,85.0
image2495.png,85.0
image2496.png,86.0
image2497.png,85.0
image2498.png,83.0
image2499.png,85.0
image2500.png,83.0
image2501.png,87.0
image2502.png,83.0
image2503.png,91.0
image2504.png,82.0
image2505.png,88.0
image2506.png,88.0
image2507.png,88.0
image2508.png,89.0
image2509.png,88.0
image2510.png,88.0
image2511.png,87.0
image2512.png,88.0
image2513.png,88.0
image2514.png,88.0
image2515.png,87.0
image2516.png,88.0
image2517.png,82.0
image2518.png,82.0
image2519.png,80.0
image2520.png,83.0
image2521.png,83.0
image2522.png,85.0
image2523.png,83.0
image2524.png,88.0
image2525.png,91.0
image2526.png,88.0
image2527.png,89.0
image2528.png,87.0
image2529.png,87.0
image2530.png,85.0
image2531.png,83.0
image2532.png,83.0
image2533.png,88.0
image2534.png,83.0
image2535.png,82.0
image2536.png,83.0
image2537.png,84.0
image2538.png,83.0
image2539.png,82.0
image2540.png,84.0
image2541.png,84.0
image2542.png,83.0
image2543.png,85.0
image2544.png,83.0
image2545.png,85.0
image2546.png,88.0
image2547.png,86.0
image2548.png,84.0
image2549.png,84.0
image2550.png,85.0
image2551.png,83.0
image2552.png,84.0
image2553.png,84.0
image2554.png,83.0
image2555.png,87.0
image2556.png,85.0
image2557.png,91.0
image2558.png,86.0
image2559.png,82.0
image2560.png,86.0
image2561.png,83.0
image2562.png,88.0
image2563.png,86.0
image2564.png,83.0
image2565.png,83.0
image2566.png,85.0
image2567.png,86.0
image2568.png,83.0
image2569.png,80.0
image2570.png,79.0
image2571.png,83.0
image2572.png,82.0
image2573.png,83.0
image2574.png,81.0
image2575.png,90.0
image2576.png,83.0
image2577.png,82.0
image2578.png,85.0
image2579.png,80.0
image2580.png,83.0
image2581.png,83.0
image2582.png,83.0
image2583.png,82.0
image2584.png,80.0
image2585.png,81.0
image2586.png,79.0
image2587.png,82.0
image2588.png,80.0
image2589.png,79.0
image2590.png,79.0
image2591.png,81.0
image2592.png,81.0
image2593.png,82.0
image2594.png,79.0
image2595.png,83.0
image2596.png,81.0
image2597.png,84.0
image2598.png,82.0
image2599.png,80.0
image2600.png,77.0
image2601.png,79.0
image2602.png,83.0
image2603.png,81.0
image2604.png,83.0
image2605.png,79.0
image2606.png,80.0
image2607.png,81.0
image2608.png,80.0
image2609.png,83.0
image2610.png,80.0
image2611.png,79.0
image2612.png,78.0
image2613.png,79.0
image2614.png,81.0
image2615.png,81.0
image2616.png,83.0
image2617.png,83.0
image2618.png,81.0
image2619.png,81.0
image2620.png,86.0
image2621.png,81.0
image2622.png,84.0
image2623.png,85.0
image2624.png,85.0
image2625.png,86.0
image2626.png,85.0
image2627.png,85.0
image2628.png,85.0
image2629.png,95.0
image2630.png,91.0
image2631.png,91.0
image2632.png,96.0
image2633.png,88.0
image2634.png,91.0
image2635.png,95.0
image2636.png,89.0
image2637.png,88.0
image2638.png,92.0
image2639.png,88.0
image2640.png,96.0
image2641.png,90.0
image2642.png,85.0
image2643.png,92.0
image2644.png,86.0
image2645.png,91.0
image2646.png,93.0
image2647.png,89.0
image2648.png,93.0
image2649.png,91.0
image2650.png,89.0
image2651.png,91.0
image2652.png,91.0
image2653.png,89.0
image2654.png,89.0
image2655.png,96.0
image2656.png,86.0
image2657.png,89.0
image2658.png,91.0
image2659.png,89.0
image2660.png,91.0
image2661.png,85.0
image2662.png,91.0
image2663.png,89.0
image2664.png,89.0
image2665.png,89.0
image2666.png,85.0
image2667.png,91.0
image2668.png,89.0
image2669.png,84.0
image2670.png,85.0
image2671.png,87.0
image2672.png,82.0
image2673.png,85.0
image2674.png,91.0
image2675.png,92.0
image2676.png,85.0
image2677.png,85.0
image2678.png,88.0
image2679.png,95.0
image2680.png,96.0
image2681.png,84.0
image2682.png,93.0
image2683.png,87.0
image2684.png,86.0
image2685.png,83.0
image2686.png,83.0
image2687.png,83.0
image2688.png,85.0
image2689.png,81.0
image2690.png,84.0
image2691.png,82.0
image2692.png,91.0
image2693.png,84.0
image2694.png,92.0
image2695.png,89.0
image2696.png,91.0
image2697.png,85.0
image2698.png,91.0
image2699.png,92.0
image2700.png,82.0
image2701.png,82.0
image2702.png,84.0
image2703.png,87.0
image2704.png,85.0
image2705.png,88.0
image2706.png,85.0
image2707.png,89.0
image2708.png,88.0
image2709.png,84.0
image2710.png,87.0
image2711.png,86.0
image2712.png,81.0
image2713.png,83.0
image2714.png,85.0
image2715.png,83.0
image2716.png,83.0
image2717.png,82.0
image2718.png,89.0
image2719.png,83.0
image2720.png,82.0
image2721.png,81.0
image2722.png,90.0
image2723.png,88.0
image2724.png,87.0
image2725.png,78.0
image2726.png,79.0
image2727.png,81.0
image2728.png,92.0
image2729.png,91.0
image2730.png,91.0
image2731.png,91.0
image2732.png,83.0
image2733.png,80.0
image2734.png,80.0
image2735.png,82.0
image2736.png,79.0
image2737.png,82.0
image2738.png,79.0
image2739.png,83.0
image2740.png,87.0
image2741.png,88.0
image2742.png,83.0
image2743.png,81.0
image2744.png,85.0
image2745.png,85.0
image2746.png,86.0
image2747.png,88.0
image2748.png,88.0
image2749.png,91.0
image2750.png,94.0
image2751.png,87.0
image2752.png,87.0
image2753.png,91.0
image2754.png,89.0
image2755.png,90.0
image2756.png,89.0
image2757.png,89.0
image2758.png,100.0
image2759.png,89.0
image2760.png,87.0
image2761.png,88.0
image2762.png,93.0
image2763.png,90.0
image2764.png,84.0
image2765.png,85.0
image2766.png,89.0
image2767.png,86.0
image2768.png,84.0
image2769.png,84.0
image2770.png,89.0
image2771.png,87.0
image2772.png,93.0
image2773.png,89.0
image2774.png,104.0
image2775.png,91.0
image2776.png,85.0
image2777.png,86.0
image2778.png,87.0
image2779.png,86.0
image2780.png,94.0
image2781.png,91.0
image2782.png,88.0
image2783.png,89.0
image2784.png,99.0
image2785.png,93.0
image2786.png,96.0
image2787.png,92.0
image2788.png,87.0
image2789.png,95.0
image2790.png,84.0
image2791.png,94.0
image2792.png,85.0
image2793.png,86.0
image2794.png,94.0
image2795.png,83.0
image2796.png,89.0
image2797.png,97.0
image2798.png,89.0
image2799.png,85.0
image2800.png,88.0
image2801.png,91.0
image2802.png,88.0
image2803.png,94.0
image2804.png,91.0
image2805.png,89.0
image2806.png,96.0
image2807.png,81.0
image2808.png,86.0
image2809.png,88.0
image2810.png,84.0
image2811.png,92.0
image2812.png,91.0
image2813.png,96.0
image2814.png,95.0
image2815.png,84.0
image2816.png,83.0
image2817.png,84.0
image2818.png,89.0
image2819.png,120.0
image2820.png,91.0
image2821.png,97.0
image2822.png,89.0
image2823.png,88.0
image2824.png,88.0
image2825.png,110.0
image2826.png,89.0
image2827.png,84.0
image2828.png,87.0
image2829.png,86.0
image2830.png,88.0
image2831.png,85.0
image2832.png,85.0
image2833.png,85.0
image2834.png,95.0
image2835.png,102.0
image2836.png,97.0
image2837.png,90.0
image2838.png,84.0
image2839.png,89.0
image2840.png,90.0
image2841.png,101.0
image2842.png,92.0
image2843.png,95.0
image2844.png,89.0
image2845.png,83.0
image2846.png,85.0
image2847.png,86.0
image2848.png,88.0
image2849.png,86.0
image2850.png,84.0
image2851.png,88.0
image2852.png,89.0
image2853.png,91.0
image2854.png,87.0
image2855.png,91.0
image2856.png,91.0
image2857.png,88.0
image2858.png,88.0
image2859.png,86.0
image2860.png,86.0
image2861.png,84.0
image2862.png,81.0
image2863.png,82.0
image2864.png,87.0
image2865.png,91.0
image2866.png,85.0
image2867.png,87.0
image2868.png,85.0
image2869.png,94.0
image2870.png,82.0
image2871.png,89.0
image2872.png,84.0
image2873.png,88.0
image2874.png,85.0
image2875.png,89.0
image2876.png,87.0
image2877.png,89.0
image2878.png,94.0
image2879.png,88.0
image2880.png,85.0
image2881.png,85.0
image2882.png,83.0
image2883.png,87.0
image2884.png,88.0
image2885.png,91.0
image2886.png,90.0
image2887.png,98.0
image2888.png,88.0
image2889.png,83.0
image2890.png,83.0
image2891.png,85.0
image2892.png,86.0
image2893.png,86.0
image2894.png,85.0
image2895.png,89.0
image2896.png,82.0
image2897.png,89.0
image2898.png,85.0
image2899.png,82.0
image2900.png,84.0
image2901.png,85.0
image2902.png,89.0
image2903.png,90.0
image2904.png,88.0
image2905.png,91.0
image2906.png,95.0
image2907.png,91.0
image2908.png,88.0
image2909.png,88.0
image2910.png,91.0
image2911.png,95.0
image2912.png,86.0
image2913.png,83.0
image2914.png,84.0
image2915.png,82.0
image2916.png,81.0
image2917.png,79.0
image2918.png,81.0
image2919.png,87.0
image2920.png,81.0
image2921.png,80.0
image2922.png,79.0
image2923.png,81.0
image2924.png,81.0
image2925.png,89.0
image2926.png,81.0
image2927.png,79.0
image2928.png,81.0
image2929.png,81.0
image2930.png,79.0
image2931.png,83.0
image2932.png,83.0
image2933.png,82.0
image2934.png,81.0
image2935.png,79.0
image2936.png,88.0
image2937.png,94.0
image2938.png,92.0
image2939.png,93.0
image2940.png,91.0
image2941.png,92.0
image2942.png,99.0
image2943.png,104.0
image2944.png,100.0
image2945.png,98.0
image2946.png,92.0
image2947.png,94.0
image2948.png,82.0
image2949.png,92.0
image2950.png,87.0
image2951.png,86.0
image2952.png,80.0
image2953.png,80.0
image2954.png,85.0
image2955.png,86.0
image2956.png,102.0
image2957.png,98.0
image2958.png,92.0
image2959.png,87.0
image2960.png,102.0
image2961.png,81.0
image2962.png,82.0
image2963.png,83.0
image2964.png,85.0
image2965.png,82.0
image2966.png,83.0
image2967.png,88.0
image2968.png,86.0
image2969.png,80.0
image2970.png,83.0
image2971.png,81.0
image2972.png,89.0
image2973.png,91.0
image2974.png,91.0
image2975.png,96.0
image2976.png,96.0
image2977.png,88.0
image2978.png,88.0
image2979.png,87.0
image2980.png,94.0
image2981.png,79.0
image2982.png,78.0
image2983.png,80.0
image2984.png,79.0
image2985.png,86.0
image2986.png,88.0
image2987.png,87.0
image2988.png,89.0
image2989.png,84.0
image2990.png,83.0
image2991.png,87.0
image2992.png,89.0
image2993.png,84.0
image2994.png,81.0
image2995.png,86.0
image2996.png,82.0
image2997.png,81.0
image2998.png,84.0
image2999.png,82.0
image3000.png,86.0
image3001.png,83.0
image3002.png,91.0
image3003.png,87.0
image3004.png,89.0
image3005.png,79.0
image3006.png,84.0
image3007.png,83.0
image3008.png,85.0
image3009.png,85.0
image3010.png,84.0
image3011.png,91.0
image3012.png,85.0
image3013.png,85.0
image3014.png,85.0
image3015.png,86.0
image3016.png,80.0
image3017.png,81.0
image3018.png,79.0
image3019.png,83.0
image3020.png,85.0
image3021.png,89.0
image3022.png,86.0
image3023.png,88.0
image3024.png,84.0
image3025.png,87.0
image3026.png,87.0
image3027.png,87.0
image3028.png,91.0
image3029.png,89.0
image3030.png,92.0
image3031.png,87.0
image3032.png,88.0
image3033.png,88.0
image3034.png,87.0
image3035.png,91.0
image3036.png,87.0
image3037.png,91.0
image3038.png,90.0
image3039.png,85.0
image3040.png,85.0
image3041.png,94.0
image3042.png,89.0
image3043.png,87.0
image3044.png,90.0
image3045.png,88.0
image3046.png,87.0
image3047.png,88.0
image3048.png,89.0
image3049.png,88.0
image3050.png,89.0
image3051.png,85.0
image3052.png,85.0
image3053.png,91.0
image3054.png,83.0
image3055.png,89.0
image3056.png,88.0
image3057.png,88.0
image3058.png,87.0
image3059.png,86.0
image3060.png,88.0
image3061.png,88.0
image3062.png,89.0
image3063.png,87.0
image3064.png,95.0
image3065.png,95.0
image3066.png,90.0
image3067.png,87.0
image3068.png,88.0
image3069.png,91.0
image3070.png,89.0
image3071.png,86.0
image3072.png,91.0
image3073.png,88.0
image3074.png,88.0
image3075.png,88.0
image3076.png,88.0
image3077.png,92.0
image3078.png,88.0
image3079.png,136.0
image3080.png,140.0
image3081.png,145.0
image3082.png,146.0
image3083.png,145.0
image3084.png,141.0
image3085.png,143.0
image3086.png,142.0
image3087.png,142.0
image3088.png,143.0
image3089.png,147.0
image3090.png,143.0
image3091.png,150.0
image3092.png,143.0
image3093.png,142.0
image3094.png,143.0
image3095.png,145.0
image3096.png,143.0
image3097.png,141.0
image3098.png,140.0
image3099.png,142.0
image3100.png,147.0
image3101.png,144.0
image3102.png,146.0
image3103.png,141.0
image3104.png,140.0
image3105.png,140.0
image3106.png,141.0
image3107.png,141.0
image3108.png,142.0
image3109.png,149.0
image3110.png,150.0
image3111.png,151.0
image3112.png,147.0
image3113.png,145.0
image3114.png,145.0
image3115.png,141.0
image3116.png,141.0
image3117.png,140.0
image3118.png,141.0
image3119.png,136.0
image3120.png,140.0
image3121.png,141.0
image3122.png,140.0
image3123.png,136.0
image3124.png,146.0
image3125.png,142.0
image3126.png,142.0
image3127.png,145.0
image3128.png,142.0
image3129.png,140.0
image3130.png,142.0
image3131.png,141.0
image3132.png,138.0
image3133.png,137.0
image3134.png,143.0
image3135.png,146.0
image3136.png,139.0
image3137.png,137.0
image3138.png,135.0
image3139.png,137.0
image3140.png,142.0
image3141.png,135.0
image3142.png,150.0
image3143.png,150.0
image3144.png,148.0
image3145.png,149.0
image3146.png,152.0
image3147.png,149.0
image3148.png,142.0
image3149.png,146.0
image3150.png,148.0
image3151.png,144.0
image3152.png,141.0
image3153.png,142.0
image3154.png,141.0
image3155.png,147.0
image3156.png,146.0
image3157.png,143.0
image3158.png,154.0
image3159.png,148.0
image3160.png,154.0
image3161.png,152.0
image3162.png,152.0
image3163.png,148.0
image3164.png,152.0
image3165.png,142.0
image3166.png,152.0
image3167.png,145.0
image3168.png,148.0
image3169.png,148.0
image3170.png,148.0
image3171.png,151.0
image3172.png,144.0
image3173.png,151.0
image3174.png,148.0
image3175.png,152.0
image3176.png,142.0
image3177.png,143.0
image3178.png,152.0
image3179.png,152.0
image3180.png,150.0
image3181.png,152.0
image3182.png,152.0
image3183.png,152.0
image3184.png,150.0
image3185.png,152.0
image3186.png,154.0
image3187.png,154.0
image3188.png,150.0
image3189.png,150.0
image3190.png,154.0
image3191.png,150.0
image3192.png,152.0
image3193.png,151.0
image3194.png,152.0
image3195.png,153.0
image3196.png,150.0
image3197.png,152.0
image3198.png,152.0
image3199.png,146.0
image3200.png,141.0
image3201.png,143.0
image3202.png,148.0
image3203.png,143.0
image3204.png,141.0
image3205.png,147.0
image3206.png,147.0
image3207.png,147.0
image3208.png,148.0
image3209.png,149.0
image3210.png,147.0
image3211.png,148.0
image3212.png,143.0
image3213.png,143.0
image3214.png,148.0
image3215.png,148.0
image3216.png,144.0
image3217.png,146.0
image3218.png,152.0
image3219.png,148.0
image3220.png,142.0
image3221.png,141.0
image3222.png,137.0
image3223.png,141.0
image3224.png,142.0
image3225.png,137.0
image3226.png,138.0
image3227.png,141.0
image3228.png,136.0
image3229.png,137.0
image3230.png,141.0
image3231.png,137.0
image3232.png,138.0
image3233.png,136.0
image3234.png,137.0
image3235.png,146.0
image3236.png,142.0
image3237.png,144.0
image3238.png,142.0
image3239.png,143.0
image3240.png,140.0
image3241.png,152.0
image3242.png,143.0
image3243.png,152.0
image3244.png,150.0
image3245.png,147.0
image3246.png,156.0
image3247.png,152.0
image3248.png,151.0
image3249.png,152.0
image3250.png,143.0
image3251.png,150.0
image3252.png,152.0
image3253.png,147.0
image3254.png,146.0
image3255.png,144.0
image3256.png,150.0
image3257.png,146.0
image3258.png,148.0
image3259.png,149.0
image3260.png,149.0
image3261.png,149.0
image3262.png,146.0
image3263.png,148.0
image3264.png,148.0
image3265.png,150.0
image3266.png,146.0
image3267.png,148.0
image3268.png,148.0
image3269.png,146.0
image3270.png,148.0
image3271.png,148.0
image3272.png,150.0
image3273.png,151.0
image3274.png,146.0
image3275.png,143.0
image3276.png,148.0
image3277.png,145.0
image3278.png,145.0
image3279.png,143.0
image3280.png,143.0
image3281.png,143.0
image3282.png,150.0
image3283.png,152.0
image3284.png,159.0
image3285.png,152.0
image3286.png,142.0
image3287.png,149.0
image3288.png,152.0
image3289.png,150.0
image3290.png,152.0
image3291.png,151.0
image3292.png,150.0
image3293.png,147.0
image3294.png,152.0
image3295.png,147.0
image3296.png,149.0
image3297.png,147.0
image3298.png,143.0
image3299.png,144.0
image3300.png,139.0
image3301.png,150.0
image3302.png,142.0
image3303.png,145.0
image3304.png,144.0
image3305.png,142.0
image3306.png,145.0
image3307.png,144.0
image3308.png,144.0
image3309.png,148.0
image3310.png,146.0
image3311.png,150.0
image3312.png,138.0
image3313.png,141.0
image3314.png,143.0
image3315.png,142.0
image3316.png,150.0
image3317.png,148.0
image3318.png,147.0
image3319.png,158.0
image3320.png,150.0
image3321.png,154.0
image3322.png,148.0
image3323.png,148.0
image3324.png,148.0
image3325.png,143.0
image3326.png,141.0
image3327.png,138.0
image3328.png,146.0
image3329.png,148.0
image3330.png,143.0
image3331.png,146.0
image3332.png,152.0
image3333.png,150.0
image3334.png,150.0
image3335.png,147.0
image3336.png,146.0
image3337.png,143.0
image3338.png,143.0
image3339.png,143.0
image3340.png,146.0
image3341.png,152.0
image3342.png,144.0
image3343.png,141.0
image3344.png,135.0
image3345.png,141.0
image3346.png,138.0
image3347.png,136.0
image3348.png,137.0
image3349.png,142.0
image3350.png,147.0
image3351.png,142.0
image3352.png,139.0
image3353.png,137.0
image3354.png,140.0
image3355.png,141.0
image3356.png,141.0
image3357.png,143.0
image3358.png,142.0
image3359.png,142.0
image3360.png,142.0
image3361.png,152.0
image3362.png,151.0
image3363.png,150.0
image3364.png,154.0
image3365.png,152.0
image3366.png,154.0
image3367.png,158.0
image3368.png,154.0
image3369.png,154.0
image3370.png,156.0
image3371.png,154.0
image3372.png,156.0
image3373.png,154.0
image3374.png,156.0
image3375.png,154.0
image3376.png,154.0
image3377.png,158.0
image3378.png,154.0
image3379.png,154.0
image3380.png,156.0
image3381.png,154.0
image3382.png,148.0
image3383.png,152.0
image3384.png,154.0
image3385.png,155.0
image3386.png,154.0
image3387.png,151.0
image3388.png,154.0
image3389.png,151.0
image3390.png,154.0
image3391.png,154.0
image3392.png,154.0
image3393.png,152.0
image3394.png,152.0
image3395.png,153.0
image3396.png,154.0
image3397.png,148.0
image3398.png,147.0
image3399.png,150.0
image3400.png,150.0
image3401.png,148.0
image3402.png,148.0
image3403.png,149.0
image3404.png,149.0
image3405.png,148.0
image3406.png,152.0
image3407.png,149.0
image3408.png,148.0
image3409.png,154.0
image3410.png,154.0
image3411.png,135.0
image3412.png,133.0
image3413.png,138.0
image3414.png,136.0
image3415.png,135.0
image3416.png,137.0
image3417.png,141.0
image3418.png,136.0
image3419.png,144.0
image3420.png,140.0
image3421.png,137.0
image3422.png,141.0
image3423.png,138.0
image3424.png,141.0
image3425.png,142.0
image3426.png,141.0
image3427.png,142.0
image3428.png,136.0
image3429.png,143.0
image3430.png,145.0
image3431.png,146.0
image3432.png,148.0
image3433.png,150.0
image3434.png,148.0
image3435.png,147.0
image3436.png,148.0
image3437.png,147.0
image3438.png,142.0
image3439.png,142.0
image3440.png,142.0
image3441.png,143.0
image3442.png,137.0
image3443.png,142.0
image3444.png,137.0
image3445.png,141.0
image3446.png,135.0
image3447.png,143.0
image3448.png,144.0
image3449.png,142.0
image3450.png,142.0
image3451.png,144.0
image3452.png,144.0
image3453.png,146.0
image3454.png,152.0
image3455.png,152.0
image3456.png,143.0
image3457.png,146.0
image3458.png,145.0
image3459.png,147.0
image3460.png,148.0
image3461.png,148.0
image3462.png,148.0
image3463.png,146.0
image3464.png,146.0
image3465.png,146.0
image3466.png,146.0
image3467.png,144.0
image3468.png,145.0
image3469.png,146.0
image3470.png,148.0
image3471.png,150.0
image3472.png,146.0
image3473.png,143.0
image3474.png,127.0
image3475.png,127.0
image3476.png,125.0
image3477.png,133.0
image3478.png,130.0
image3479.png,130.0
image3480.png,130.0
image3481.png,129.0
image3482.png,129.0
image3483.png,132.0
image3484.png,132.0
image3485.png,132.0
image3486.png,133.0
image3487.png,131.0
image3488.png,130.0
image3489.png,133.0
image3490.png,131.0
image3491.png,131.0
image3492.png,126.0
image3493.png,126.0
image3494.png,126.0
image3495.png,133.0
image3496.png,133.0
image3497.png,133.0
image3498.png,129.0
image3499.png,128.0
image3500.png,128.0
image3501.png,130.0
image3502.png,127.0
image3503.png,127.0
image3504.png,136.0
image3505.png,136.0
image3506.png,136.0
image3507.png,132.0
image3508.png,130.0
image3509.png,129.0
image3510.png,129.0
image3511.png,127.0
image3512.png,128.0
image3513.png,128.0
image3514.png,125.0
image3515.png,128.0
image3516.png,134.0
image3517.png,128.0
image3518.png,128.0
image3519.png,128.0
image3520.png,129.0
image3521.png,129.0
image3522.png,130.0
image3523.png,130.0
image3524.png,129.0
image3525.png,130.0
image3526.png,130.0
image3527.png,127.0
image3528.png,127.0
image3529.png,128.0
image3530.png,127.0
image3531.png,128.0
image3532.png,127.0
image3533.png,122.0
image3534.png,126.0
image3535.png,126.0
image3536.png,122.0
image3537.png,132.0
image3538.png,132.0
image3539.png,134.0
image3540.png,132.0
image3541.png,130.0
image3542.png,132.0
image3543.png,132.0
image3544.png,131.0
image3545.png,128.0
image3546.png,130.0
image3547.png,129.0
image3548.png,128.0
image3549.png,132.0
image3550.png,127.0
image3551.png,128.0
image3552.png,134.0
image3553.png,134.0
image3554.png,134.0
image3555.png,138.0
image3556.png,136.0
image3557.png,136.0
image3558.png,136.0
image3559.png,134.0
image3560.png,131.0
image3561.png,132.0
image3562.png,136.0
image3563.png,140.0
image3564.png,142.0
image3565.png,136.0
image3566.png,136.0
image3567.png,134.0
image3568.png,134.0
image3569.png,132.0
image3570.png,133.0
image3571.png,130.0
image3572.png,132.0
image3573.png,142.0
image3574.png,138.0
image3575.png,140.0
image3576.png,136.0
image3577.png,138.0
image3578.png,137.0
image3579.png,138.0
image3580.png,136.0
image3581.png,136.0
image3582.png,136.0
image3583.png,136.0
image3584.png,136.0
image3585.png,138.0
image3586.png,138.0
image3587.png,136.0
image3588.png,138.0
image3589.png,138.0
image3590.png,136.0
image3591.png,136.0
image3592.png,136.0
image3593.png,136.0
image3594.png,132.0
image3595.png,132.0
image3596.png,130.0
image3597.png,130.0
image3598.png,130.0
image3599.png,128.0
image3600.png,136.0
image3601.png,134.0
image3602.png,136.0
image3603.png,135.0
image3604.png,133.0
image3605.png,135.0
image3606.png,131.0
image3607.png,133.0
image3608.png,133.0
image3609.png,136.0
image3610.png,134.0
image3611.png,134.0
image3612.png,134.0
image3613.png,134.0
image3614.png,136.0
image3615.png,127.0
image3616.png,128.0
image3617.png,127.0
image3618.png,126.0
image3619.png,125.0
image3620.png,125.0
image3621.png,129.0
image3622.png,127.0
image3623.png,130.0
image3624.png,127.0
image3625.png,121.0
image3626.png,123.0
image3627.png,130.0
image3628.png,126.0
image3629.png,123.0
image3630.png,128.0
image3631.png,128.0
image3632.png,130.0
image3633.png,130.0
image3634.png,130.0
image3635.png,129.0
image3636.png,136.0
image3637.png,136.0
image3638.png,136.0
image3639.png,133.0
image3640.png,136.0
image3641.png,136.0
image3642.png,136.0
image3643.png,138.0
image3644.png,136.0
image3645.png,135.0
image3646.png,136.0
image3647.png,133.0
image3648.png,132.0
image3649.png,132.0
image3650.png,130.0
image3651.png,136.0
image3652.png,135.0
image3653.png,130.0
image3654.png,132.0
image3655.png,133.0
image3656.png,134.0
image3657.png,134.0
image3658.png,132.0
image3659.png,132.0
image3660.png,136.0
image3661.png,133.0
image3662.png,132.0
image3663.png,136.0
image3664.png,136.0
image3665.png,134.0
image3666.png,134.0
image3667.png,132.0
image3668.png,136.0
image3669.png,136.0
image3670.png,130.0
image3671.png,127.0
image3672.png,132.0
image3673.png,132.0
image3674.png,130.0
image3675.png,136.0
image3676.png,134.0
image3677.png,132.0
image3678.png,141.0
image3679.png,136.0
image3680.png,138.0
image3681.png,135.0
image3682.png,134.0
image3683.png,135.0
image3684.png,136.0
image3685.png,134.0
image3686.png,135.0
image3687.png,134.0
image3688.png,135.0
image3689.png,135.0
image3690.png,135.0
image3691.png,136.0
image3692.png,136.0
image3693.png,129.0
image3694.png,136.0
image3695.png,129.0
image3696.png,128.0
image3697.png,132.0
image3698.png,130.0
image3699.png,132.0
image3700.png,134.0
image3701.png,135.0
image3702.png,132.0
image3703.png,136.0
image3704.png,132.0
image3705.png,133.0
image3706.png,134.0
image3707.png,136.0
image3708.png,127.0
image3709.png,128.0
image3710.png,128.0
image3711.png,136.0
image3712.png,133.0
image3713.png,136.0
image3714.png,140.0
image3715.png,141.0
image3716.png,140.0
image3717.png,136.0
image3718.png,136.0
image3719.png,136.0
image3720.png,127.0
image3721.png,127.0
image3722.png,128.0
image3723.png,136.0
image3724.png,135.0
image3725.png,136.0
image3726.png,134.0
image3727.png,136.0
image3728.png,132.0
image3729.png,133.0
image3730.png,134.0
image3731.png,132.0
image3732.png,133.0
image3733.png,130.0
image3734.png,132.0
image3735.png,132.0
image3736.png,134.0
image3737.png,129.0
image3738.png,125.0
image3739.png,122.0
image3740.png,127.0
image3741.png,127.0
image3742.png,123.0
image3743.png,121.0
image3744.png,121.0
image3745.png,121.0
image3746.png,131.0
image3747.png,128.0
image3748.png,127.0
image3749.png,127.0
image3750.png,129.0
image3751.png,127.0
image3752.png,127.0
image3753.png,130.0
image3754.png,127.0
image3755.png,127.0
image3756.png,136.0
image3757.png,134.0
image3758.png,136.0
image3759.png,138.0
image3760.png,138.0
image3761.png,137.0
image3762.png,140.0
image3763.png,140.0
image3764.png,139.0
image3765.png,138.0
image3766.png,136.0
image3767.png,139.0
image3768.png,139.0
image3769.png,141.0
image3770.png,141.0
image3771.png,138.0
image3772.png,140.0
image3773.png,140.0
image3774.png,138.0
image3775.png,140.0
image3776.png,144.0
image3777.png,140.0
image3778.png,138.0
image3779.png,136.0
image3780.png,138.0
image3781.png,136.0
image3782.png,136.0
image3783.png,138.0
image3784.png,136.0
image3785.png,136.0
image3786.png,134.0
image3787.png,135.0
image3788.png,134.0
image3789.png,140.0
image3790.png,140.0
image3791.png,141.0
image3792.png,134.0
image3793.png,132.0
image3794.png,133.0
image3795.png,130.0
image3796.png,133.0
image3797.png,129.0
image3798.png,136.0
image3799.png,136.0
image3800.png,136.0
image3801.png,136.0
image3802.png,136.0
image3803.png,130.0
image3804.png,144.0
image3805.png,142.0
image3806.png,140.0
image3807.png,127.0
image3808.png,127.0
image3809.png,127.0
image3810.png,128.0
image3811.png,127.0
image3812.png,125.0
image3813.png,130.0
image3814.png,128.0
image3815.png,128.0
image3816.png,123.0
image3817.png,124.0
image3818.png,127.0
image3819.png,128.0
image3820.png,129.0
image3821.png,126.0
image3822.png,121.0
image3823.png,121.0
image3824.png,121.0
image3825.png,132.0
image3826.png,135.0
image3827.png,132.0
image3828.png,133.0
image3829.png,132.0
image3830.png,132.0
image3831.png,134.0
image3832.png,132.0
image3833.png,132.0
image3834.png,129.0
image3835.png,128.0
image3836.png,128.0
image3837.png,128.0
image3838.png,128.0
image3839.png,125.0
image3840.png,125.0
image3841.png,126.0
image3842.png,123.0
image3843.png,130.0
image3844.png,127.0
image3845.png,130.0
image3846.png,128.0
image3847.png,128.0
image3848.png,126.0
image3849.png,136.0
image3850.png,134.0
image3851.png,134.0
image3852.png,130.0
image3853.png,134.0
image3854.png,135.0
image3855.png,132.0
image3856.png,131.0
image3857.png,131.0
image3858.png,135.0
image3859.png,132.0
image3860.png,132.0
image3861.png,131.0
image3862.png,133.0
image3863.png,130.0
image3864.png,136.0
image3865.png,135.0
image3866.png,134.0
image3867.png,136.0
image3868.png,133.0
image3869.png,135.0
image3870.png,78.0
image3871.png,78.0
image3872.png,78.0
image3873.png,78.0
image3874.png,78.0
image3875.png,81.0
image3876.png,83.0
image3877.png,78.0
image3878.png,81.0
image3879.png,84.0
image3880.png,83.0
image3881.png,83.0
image3882.png,81.0
image3883.png,83.0
image3884.png,78.0
image3885.png,78.0
image3886.png,81.0
image3887.png,78.0
image3888.png,77.0
image3889.png,74.0
image3890.png,78.0
image3891.png,85.0
image3892.png,85.0
image3893.png,84.0
image3894.png,76.0
image3895.png,77.0
image3896.png,76.0
image3897.png,72.0
image3898.png,72.0
image3899.png,76.0
image3900.png,87.0
image3901.png,86.0
image3902.png,86.0
image3903.png,78.0
image3904.png,78.0
image3905.png,77.0
image3906.png,78.0
image3907.png,76.0
image3908.png,76.0
image3909.png,76.0
image3910.png,76.0
image3911.png,76.0
image3912.png,75.0
image3913.png,78.0
image3914.png,76.0
image3915.png,81.0
image3916.png,83.0
image3917.png,76.0
image3918.png,84.0
image3919.png,81.0
image3920.png,86.0
image3921.png,81.0
image3922.png,78.0
image3923.png,76.0
image3924.png,77.0
image3925.png,78.0
image3926.png,75.0
image3927.png,75.0
image3928.png,76.0
image3929.png,78.0
image3930.png,73.0
image3931.png,74.0
image3932.png,78.0
image3933.png,78.0
image3934.png,78.0
image3935.png,81.0
image3936.png,78.0
image3937.png,76.0
image3938.png,78.0
image3939.png,76.0
image3940.png,78.0
image3941.png,76.0
image3942.png,78.0
image3943.png,76.0
image3944.png,78.0
image3945.png,78.0
image3946.png,78.0
image3947.png,83.0
image3948.png,83.0
image3949.png,81.0
image3950.png,86.0
image3951.png,89.0
image3952.png,89.0
image3953.png,83.0
image3954.png,81.0
image3955.png,83.0
image3956.png,78.0
image3957.png,84.0
image3958.png,83.0
image3959.png,86.0
image3960.png,87.0
image3961.png,78.0
image3962.png,83.0
image3963.png,81.0
image3964.png,78.0
image3965.png,80.0
image3966.png,81.0
image3967.png,81.0
image3968.png,87.0
image3969.png,88.0
image3970.png,87.0
image3971.png,89.0
image3972.png,87.0
image3973.png,87.0
image3974.png,84.0
image3975.png,86.0
image3976.png,87.0
image3977.png,87.0
image3978.png,86.0
image3979.png,87.0
image3980.png,87.0
image3981.png,83.0
image3982.png,87.0
image3983.png,87.0
image3984.png,86.0
image3985.png,89.0
image3986.png,86.0
image3987.png,87.0
image3988.png,86.0
image3989.png,81.0
image3990.png,83.0
image3991.png,80.0
image3992.png,86.0
image3993.png,78.0
image3994.png,76.0
image3995.png,86.0
image3996.png,74.0
image3997.png,86.0
image3998.png,81.0
image3999.png,82.0
image4000.png,83.0
image4001.png,78.0
image4002.png,78.0
image4003.png,81.0
image4004.png,81.0
image4005.png,83.0
image4006.png,78.0
image4007.png,78.0
image4008.png,81.0
image4009.png,83.0
image4010.png,77.0
image4011.png,78.0
image4012.png,81.0
image4013.png,78.0
image4014.png,76.0
image4015.png,76.0
image4016.png,81.0
image4017.png,83.0
image4018.png,78.0
image4019.png,82.0
image4020.png,76.0
image4021.png,78.0
image4022.png,76.0
image4023.png,72.0
image4024.png,73.0
image4025.png,76.0
image4026.png,78.0
image4027.png,74.0
image4028.png,76.0
image4029.png,74.0
image4030.png,76.0
image4031.png,87.0
image4032.png,83.0
image4033.png,81.0
image4034.png,83.0
image4035.png,83.0
image4036.png,81.0
image4037.png,83.0
image4038.png,86.0
image4039.png,88.0
image4040.png,87.0
image4041.png,87.0
image4042.png,83.0
image4043.png,83.0
image4044.png,83.0
image4045.png,86.0
image4046.png,88.0
image4047.png,89.0
image4048.png,85.0
image4049.png,87.0
image4050.png,86.0
image4051.png,87.0
image4052.png,76.0
image4053.png,78.0
image4054.png,76.0
image4055.png,83.0
image4056.png,78.0
image4057.png,76.0
image4058.png,83.0
image4059.png,81.0
image4060.png,83.0
image4061.png,78.0
image4062.png,83.0
image4063.png,79.0
image4064.png,78.0
image4065.png,82.0
image4066.png,76.0
image4067.png,78.0
image4068.png,81.0
image4069.png,78.0
image4070.png,83.0
image4071.png,83.0
image4072.png,89.0
image4073.png,89.0
image4074.png,84.0
image4075.png,82.0
image4076.png,81.0
image4077.png,81.0
image4078.png,82.0
image4079.png,88.0
image4080.png,87.0
image4081.png,86.0
image4082.png,86.0
image4083.png,86.0
image4084.png,86.0
image4085.png,86.0
image4086.png,83.0
image4087.png,81.0
image4088.png,81.0
image4089.png,78.0
image4090.png,78.0
image4091.png,78.0
image4092.png,76.0
image4093.png,76.0
image4094.png,84.0
image4095.png,81.0
image4096.png,82.0
image4097.png,80.0
image4098.png,79.0
image4099.png,80.0
image4100.png,79.0
image4101.png,83.0
image4102.png,78.0
image4103.png,78.0
image4104.png,78.0
image4105.png,76.0
image4106.png,83.0
image4107.png,83.0
image4108.png,83.0
image4109.png,91.0
image4110.png,87.0
image4111.png,91.0
image4112.png,87.0
image4113.png,78.0
image4114.png,87.0
image4115.png,81.0
image4116.png,78.0
image4117.png,78.0
image4118.png,90.0
image4119.png,86.0
image4120.png,81.0
image4121.png,82.0
image4122.png,78.0
image4123.png,76.0
image4124.png,76.0
image4125.png,81.0
image4126.png,78.0
image4127.png,83.0
image4128.png,81.0
image4129.png,81.0
image4130.png,83.0
image4131.png,87.0
image4132.png,83.0
image4133.png,74.0
image4134.png,73.0
image4135.png,78.0
image4136.png,74.0
image4137.png,72.0
image4138.png,78.0
image4139.png,78.0
image4140.png,78.0
image4141.png,76.0
image4142.png,77.0
image4143.png,73.0
image4144.png,72.0
image4145.png,73.0
image4146.png,76.0
image4147.png,76.0
image4148.png,74.0
image4149.png,77.0
image4150.png,76.0
image4151.png,85.0
image4152.png,83.0
image4153.png,83.0
image4154.png,83.0
image4155.png,86.0
image4156.png,87.0
image4157.png,86.0
image4158.png,87.0
image4159.png,86.0
image4160.png,86.0
image4161.png,87.0
image4162.png,86.0
image4163.png,87.0
image4164.png,89.0
image4165.png,83.0
image4166.png,89.0
image4167.png,87.0
image4168.png,89.0
image4169.png,91.0
image4170.png,87.0
image4171.png,87.0
image4172.png,86.0
image4173.png,87.0
image4174.png,86.0
image4175.png,87.0
image4176.png,84.0
image4177.png,85.0
image4178.png,81.0
image4179.png,86.0
image4180.png,84.0
image4181.png,83.0
image4182.png,86.0
image4183.png,93.0
image4184.png,87.0
image4185.png,86.0
image4186.png,87.0
image4187.png,79.0
image4188.png,76.0
image4189.png,78.0
image4190.png,82.0
image4191.png,87.0
image4192.png,87.0
image4193.png,94.0
image4194.png,87.0
image4195.png,86.0
image4196.png,80.0
image4197.png,94.0
image4198.png,92.0
image4199.png,89.0
image4200.png,78.0
image4201.png,78.0
image4202.png,79.0
image4203.png,76.0
image4204.png,78.0
image4205.png,78.0
image4206.png,83.0
image4207.png,81.0
image4208.png,81.0
image4209.png,83.0
image4210.png,78.0
image4211.png,82.0
image4212.png,81.0
image4213.png,80.0
image4214.png,78.0
image4215.png,76.0
image4216.png,78.0
image4217.png,76.0
image4218.png,78.0
image4219.png,81.0
image4220.png,78.0
image4221.png,76.0
image4222.png,78.0
image4223.png,76.0
image4224.png,83.0
image4225.png,86.0
image4226.png,80.0
image4227.png,76.0
image4228.png,83.0
image4229.png,83.0
image4230.png,78.0
image4231.png,81.0
image4232.png,83.0
image4233.png,74.0
image4234.png,76.0
image4235.png,74.0
image4236.png,78.0
image4237.png,76.0
image4238.png,76.0
image4239.png,76.0
image4240.png,73.0
image4241.png,74.0
image4242.png,86.0
image4243.png,83.0
image4244.png,83.0
image4245.png,84.0
image4246.png,83.0
image4247.png,82.0
image4248.png,87.0
image4249.png,83.0
image4250.png,78.0
image4251.png,81.0
image4252.png,83.0
image4253.png,81.0
image4254.png,83.0
image4255.png,78.0
image4256.png,83.0
image4257.png,86.0
image4258.png,86.0
image4259.png,83.0
image4260.png,87.0
image4261.png,84.0
image4262.png,84.0
